TRUNCATE `abandoned_carts`;
OPTIMIZE TABLE `abandoned_carts`;
INSERT INTO `abandoned_carts` (`caid`,`sid`,`date`,`number_of_items`,`cart_total`,`last_page`,`email_address`,`username`) VALUES ('1','83edab6ff61b4428129f4fbcf4a91ea0','2007-10-08','2','2.00','shipping.php','marcello@discsox.com','Marcel Manzardo'),
('2','74cb675a53480ce626169ac5b24caf6c','2007-10-08','2','2.00','http://www.mmdesign.com/products/cd_pro_sleeve_qs30.htm','marcello@discsox.com','Marcel Manzardo'),
('3','3391a1384bdaa9c7b97cd09963f096b3','2007-10-08','2','2.00','shipping.php','marcello@discsox.com','Marcel Manzardo'),
('4','f42a3da4abeabaf59ba704455e37f325','2007-10-08','1','4.95','quikcode.html','',''),
('5','632afaf4a22c5ed29de2202df82bd185','2007-10-08','3','5.95','checkout.php','marcel.manzardo@siemens.com','Marcel Manzardo'),
('6','632afaf4a22c5ed29de2202df82bd185','2007-10-08','2','4.95','shipping.php','marcel.manzardo@siemens.com','Marcel Manzardo'),
('7','f57c715e5874b0c768c23816e9ad984f','2007-10-09','3','17.94','checkout.php','marcello@discsox.com','Marcel Manzardo'),
('8','644f99200ea7c9d4fd5116cfb882efd7','2007-10-09','22','22.00','login.php','marcel.manzardo@siemens.com','Marcel Manzardo'),
('9','644f99200ea7c9d4fd5116cfb882efd7','2007-10-09','2','13.99','shipping.php','marcel.manzardo@siemens.com','Marcel Manzardo'),
('10','a955ab3495a73c0599d0578d49996eab','2007-10-10','2','13.99','checkout.php','',''),
('11','7c6b76ab0142762bb3a7273d41054d4a','2007-10-10','10','10.00','shipping.php','marcel.manzardo@siemens.com','Marcel Manzardo'),
('12','19ad775314578f11757206b367aa12ce','2007-10-16','23','46.98','http://www.mmdesign.com/products/cd_pro_sleeve_qs30.htm','marcello@discsox.com','Marcel Manzardo'),
('13','93e558bd580d6f692f3413dafd26b99c','2007-10-16','21','21.00','shipping.php','marcel.manzardo@siemens.com','Marcel Manzardo'),
('14','5b801f217add9843af826bce0436cc31','2007-10-18','1','1.00','cd_pro_sleeve_qs30.htm','',''),
('15','743d640da524b241cf76ab0eb3816aa4','2007-10-18','21','21.00','http://www.mmdesign.com/products/cd_pro_sleeve_qs30.htm','',''),
('16','3680816459cc86a839b610ab03741c13','2007-10-18','1','1.00','checkout.php','',''),
('17','dcb63b61b88f7799d42000665f35ab2c','2007-10-22','21','21.00','shipping.php','marcel.manzardo@siemens.com','Marcel Manzardo'),
('18','7c2c966ab9c3cbf3a1402cd211c895cb','2007-10-22','1','1.00','shipping.php','marcel.manzardo@siemens.com','Marcel Manzardo'),
('19','ca3e8520066cd85e80cdd02165a4e6b4','2007-10-22','1','1.00','shipping.php','marcello@discsox.com','Marcel Manzardo'),
('20','e23278163c498ea85fb98f32784a04bc','2007-10-22','1','1.00','shipping.php','marcello@discsox.com','Marcel Manzardo'),
('21','18b1e7eb2cf7825d3e960859239d795c','2007-10-23','1','1.00','shipping.php','marcello@discsox.com','Marcel Manzardo'),
('22','198801ea10662236cfab637124574f1f','2007-10-23','1','1.00','cd_pro_sleeve_qs30.htm','',''),
('23','7c2c966ab9c3cbf3a1402cd211c895cb','2007-10-23','1','1.00','shipping.php','marcel.manzardo@siemens.com','Marcel Manzardo'),
('24','c4f52d5ce16d5e576cee59eeb59c9a6b','2007-10-26','5','5.00','checkout.php','',''),
('25','7c2c966ab9c3cbf3a1402cd211c895cb','2007-11-03','1','13.95','shipping.php','marcel.manzardo@siemens.com','Marcel Manzardo'),
('26','0ae4b775824e2a43323b80407de91644','2007-12-14','1','13.95','checkout.php','marcello@discsox.com','Marcel Manzardo'),
('27','c0a0d8168ba14def7d95b7b7ea12d869','2007-12-18','2','27.90','shipping.php','marcello@discsox.com','Marcel Manzardo'),
('28','2c40a5de4c896bd2e70dbd367a9c7847','2007-12-19','2','27.90','login.php','marcello@discsox.com','Marcel Manzardo'),
('29','d92b30811474021b0fad3472f0df773e','2007-12-20','1','13.95','process.php','marcello@discsox.com','Marcel Manzardo'),
('30','d92b30811474021b0fad3472f0df773e','2007-12-20','1','13.95','shipping.php','marcello@discsox.com','Marcel Manzardo'),
('31','31c606a31168505b37f60d17be5f6ddf','2007-12-29','2','59.90','setcdp_qs30.htm','marcello@discsox.com','Marcel Manzardo_testy'),
('32','e35af1e766f6485aafeccbfc765d5558','2007-12-30','1','13.95','cd_pro_sleeve_qs30.htm','',''),
('33','34316d33e4dfda78f5ab5e925bb3bf4e','2007-12-30','1','13.95','process.php','marcello@discsox.com','Marcel Manzardo_testy'),
('34','c851c8653d90c0e94a0e1401ba59be29','2007-12-31','2','91.90','shipping.php','marcello@discsox.com','Marcel Manzardo'),
('35','d2c41c765a96e4885deab579ce63a99b','2007-12-31','1','13.95','shipping.php','marcello@discsox.com','Marcel Manzardo'),
('36','4754d5a930a2a44e7c4b3e7ce56b7add','2007-12-31','1','13.95','checkout.php','',''),
('37','f6a1e8ecca41a04c4839e71cdefa619a','2007-12-31','1','13.95','checkout.php','',''),
('38','ef2ded4faca688c49171202a812553ed','2008-01-01','1','13.95','checkout.php','',''),
('39','9e4d2819dae72717b2737ba9a3df5edc','2008-01-01','1','13.95','checkout.php','',''),
('40','53c06a256947c02779b54eb3128bff80','2008-01-01','1','13.95','shipping.php','marcello@discsox.com','Marcel Manzardo_test_xyz'),
('41','1440a3675a82c3526f7ba3cf0f561fdb','2008-01-02','1','13.95','checkout.php','marcello@discsox.com','Marcel Manzardo'),
('42','9336efd80af65071c8a2185326a9f84c','2008-01-02','1','13.95','login.php','',''),
('43','d5761dba8833ae566adfa051ee7c7624','2008-01-03','1','13.95','checkout.php','marcello@discsox.com','Marcel Manzardo'),
('44','a6707fcf3d94f66418f2a9e694a90058','2008-01-04','1','13.95','checkout.php','marcello@discsox.com','Marcel Manzardo'),
('45','613e86af1e7e85e5b0f46357badea6b1','2008-01-05','1','45.95','shipping.php','marcello@discsox.com','Marcel Manzardo'),
('46','e298e08022787fdfecd5aeda4991e6b6','2008-01-05','1','13.95','cd_pro_sleeve_qs30.htm','',''),
('47','a5ded7a9366c217773ccd5497b1051c8','2008-01-09','1','13.95','shipping.php','marcello@discsox.com','Marcel Manzardo_test_xy'),
('48','00880ed89fa089f9ae41acaea960bd9b','2008-01-11','1','13.95','shipping.php','marcello@discsox.com','Marcel Manzardo'),
('49','ab4fa8c6f50c48ea87aae3ff4d5ec39b','2008-01-13','1','13.95','cd_pro_sleeve_qs30.htm','marcello@discsox.com','Marcel Manzardo'),
('50','ab4fa8c6f50c48ea87aae3ff4d5ec39b','2008-01-14','101','46.95','shipping.php','marcello@discsox.com','Marcel Manzardo'),
('51','b85bcd6979ace38b5c614f20f0d2f52d','2008-01-14','10','139.50','checkout.php','marcello@discsox.com','Marcel Manzardo'),
('52','b85bcd6979ace38b5c614f20f0d2f52d','2008-01-14','1','13.95','checkout.php','marcello@discsox.com','Marcel Manzardo'),
('53','673908f1d8c4526f68160f8ed464ab4c','2008-01-15','10','139.50','login.php','marcello@discsox.com','Marcel Manzardo'),
('54','aab5471b027268d82ed73fbd2434e74d','2008-01-15','12','167.40','login.php','marcello@discsox.com','Marcel Manzardo'),
('55','354dafb89090e8859fda4617c4a650ef','2008-01-15','1','13.95','login.php','marcello@discsox.com','Marcel Manzardo'),
('56','673908f1d8c4526f68160f8ed464ab4c','2008-01-15','25','323.75','login.php','',''),
('57','a86391bf77ad9a8d6b9dad5c12b14393','2008-01-15','2','27.90','login.php','',''),
('58','3d099b6d9fcc38491be850335e7235b3','2008-01-16','1','12.95','login.php','marcello@discsox.com','Marcel Manzardo'),
('59','77919791e34b539afd09e4253d785c7d','2008-01-16','31','402.45','shipping.php','marcello@discsox.com','Marcel Manzardo'),
('60','1b794e13dc07e67b9efaa210fa6366df','2008-01-16','1','13.95','products.php?catid=4&category=Sleeves','',''),
('61','911784fc871b1fe188321596e6035bcd','2008-01-16','1','13.95','products.php?catid=4&category=Sleeves','',''),
('62','0e799a835425eed576106b20ae887a44','2008-01-18','3','46.85','products.php?catid=6&category=CD Sleeves','',''),
('63','92a11ec32db99885631820fbb016d495','2008-01-18','1','25.00','checkout.php','marcello@discsox.com','Marcel Manzardo'),
('64','51c326cbb62494aa71c89119021139d2','2008-01-18','5','134.75','products.php?pid=12','marcello@discsox.com','marcel manzardo'),
('65','c4996b49303a08cbe1d358a020f2d6c3','2008-01-18','5','69.75','shipping.php','marcello@discsox.com','Marcel Manzardo'),
('66','9818af2e6eb56cd2896c3f9e721f4de6','2008-01-18','1','13.95','shipping.php','marcello@discsox.com','Marcel Manzardo'),
('67','410bb62626e8a0757a8bc68bd456d835','2008-01-18','21','389.45','shipping.php','marcello@discsox.com','Marcel Manzardo'),
('68','38761169adb27bd76329254a75109a07','2008-01-20','2','24.40','products.php?catid=9&category=Test','marcello@discsox.com','Marcel Manzardo'),
('69','f4c92500d4537f1bef9e10aedd53e3ce','2008-01-20','1','12.95','shipping.php','marcello@discsox.com','Marcel Manzardo'),
('70','286a4b14cce687570de5d0fa9d02b462','2008-01-20','11','3.00','shipping.php','marcello@discsox.com','Marcel Manzardo'),
('71','16a3e58523b268dad5497a6713b1e881','2008-01-21','1','13.95','products.php?catid=9&category=Test','',''),
('72','abbd4a1400095b133d6ae81795126a37','2008-01-21','2','20.90','login.php','marcello@discsox.com','Marcel Manzardo'),
('73','abbd4a1400095b133d6ae81795126a37','2008-01-21','23','303.35','checkout.php','',''),
('74','6998621e3e8a4758aca95a83f42acd3b','2008-01-22','13','139.35','products.php?catid=7&category=DVD Sleeves','marcello@discsox.com','Marcel Manzardo'),
('75','1f16822c5c1c340bdd76dd132e008f63','2008-01-22','4','58.30','products.php?and=1','',''),
('76','63a2176a7cd7d2047d826a03f2e4e9d9','2008-01-22','25','1.00','shipping.php','marcello@discsox.com','Marcel Manzardo'),
('77','2abeb4e7925f5bb4d3dbe9f9d994725a','2008-01-23','1','13.95','products.php?catid=6&category=CD Sleeves','',''),
('78','7d8d359cdca7472070d763c5c1c0484b','2008-01-24','3','38.35','products.php?catid=6&category=CD Sleeves','',''),
('79','1abc55ed41f642172d6ac5dcd9cd5435','2008-01-24','20','469.00','shipping.php','marcello@discsox.com','Marcel Manzardo_test_xy'),
('80','ac1275ebde144296479b1bc9897f55ea','2008-01-24','1','26.95','products.php?catid=19&category=Sets','',''),
('81','7df5b09d3cd95fbba2f8e681702a05dc','2008-01-24','3','72.85','checkout.php','marcello@discsox.com','Marcel Manzardo_test_xy'),
('82','307601e6e4ab68ca5948a6bfc71f3745','2008-01-24','5','52.25','checkout.php','',''),
('83','95317b1a066c636e5c4de859b1946bfa','2008-01-25','2','109.90','checkout.php','',''),
('84','307601e6e4ab68ca5948a6bfc71f3745','2008-01-25','5','52.25','checkout.php','',''),
('85','5ffe838590908470487fe348e8c71e80','2008-01-25','2','109.90','checkout.php','marcello@discsox.com','Marcel Manzardo_test_xy'),
('86','1abc55ed41f642172d6ac5dcd9cd5435','2008-01-25','1','54.95','checkout.php','marcello@discsox.com','Marcel Manzardo_test_xy'),
('87','6082ab9d59fb707e19054448eece2fc3','2008-01-25','12','407.40','products.php?pid=22','',''),
('88','946da791f2faad634dc6d9bcdbcbfc11','2008-01-25','10','549.50','login.php','',''),
('89','0ab7043c08a94a6462e9165e6ebd84ea','2008-01-25','120','1.00','login.php','',''),
('90','2174fe2be261a434b04eafe1e0884976','2008-01-25','5','87.50','login.php','','') ON DUPLICATE KEY UPDATE `caid` = LAST_INSERT_ID(`caid`);
TRUNCATE `buy_buttons`;
OPTIMIZE TABLE `buy_buttons`;
INSERT INTO `buy_buttons` (`bbid`,`scripturl`,`buybuttontext`,`viewbuttontext`,`qtytext`,`add_image`,`view_image`) VALUES ('1','cart.php','Add to Cart','Review Cart','Quantity','','') ON DUPLICATE KEY UPDATE `bbid` = LAST_INSERT_ID(`bbid`);
TRUNCATE `calculation_sequence`;
OPTIMIZE TABLE `calculation_sequence`;
INSERT INTO `calculation_sequence` (`csid`,`calculate_discount`,`calculate_sales_tax`,`calculate_shipping`) VALUES ('1','1','3','2') ON DUPLICATE KEY UPDATE `csid` = LAST_INSERT_ID(`csid`);
TRUNCATE `cart_details`;
OPTIMIZE TABLE `cart_details`;
TRUNCATE `carts`;
OPTIMIZE TABLE `carts`;
TRUNCATE `categories`;
OPTIMIZE TABLE `categories`;
INSERT INTO `categories` (`catid`,`parentid`,`category_name`,`category_meta_description`,`category_discount`,`apply_to_subcategories`,`category_thumbnail`,`category_link`,`category_ids`,`display_category`,`category_meta_keywords`,`category_page_title`) VALUES ('5','0','Dividers','','','false','','Dividers','0:5','true','','CD and DVD Storage Dividers'),
('4','0','Sleeves','','','false','','Sleeves','0:4','true','','CD and DVD Storage Sleeves'),
('6','11','CD Sleeves','','','false','','Music Storage:CD Sleeves','0:11:6','true','','CD Storage Sleeves'),
('7','12','DVD Sleeves','','','false','','Movie Storage:DVD Sleeves','0:12:7','true','','DVD Storage Sleeves'),
('10','6','test sub sub','','','false','','Music Storage:CD Sleeves:test sub sub','0:11:6:10','true','','subsub'),
('8','4','Game Sleeves','','','false','','Sleeves:Game Sleeves','0:4:8','true','','Game Storage Sleeves'),
('9','0','Test','','','false','','Test','0:9','true','','Test category'),
('11','0','Music Storage','','','false','','Music Storage','0:11','true','','Music CD Storage'),
('12','0','Movie Storage','','','false','','Movie Storage','0:12','true','','Movie DVD Storage'),
('13','0','Data Storage','','','false','','Data Storage','0:13','true','','Data Storage'),
('14','0','Decorative Storage','','','false','','Decorative Storage','0:14','true','','Decorative CD, DVD Storage Trunks'),
('15','0','Game Storage','','','false','','Game Storage','0:15','true','','Game DVD Storage'),
('16','0','Photo Storage','','','false','','Photo Storage','0:16','true','','Photo CD Storage'),
('17','0','Travel','','','false','','Travel','0:17','true','','Travel Solutions'),
('18','0','High Capacity','','','false','','High Capacity','0:18','true','','Large Collection and High Capacity CD/DVD Storage'),
('19','0','Sets','','','false','','Sets','0:19','true','','CD and DVD Storage Sets') ON DUPLICATE KEY UPDATE `catid` = LAST_INSERT_ID(`catid`);
TRUNCATE `category_menu`;
OPTIMIZE TABLE `category_menu`;
INSERT INTO `category_menu` (`category_list`,`timestamp`) VALUES ('a:16:{i:13;a:3:{s:8:"parentid";s:1:"0";s:5:"catid";s:2:"13";s:13:"category_name";s:12:"Data Storage";}i:14;a:3:{s:8:"parentid";s:1:"0";s:5:"catid";s:2:"14";s:13:"category_name";s:18:"Decorative Storage";}i:5;a:4:{s:8:"parentid";s:1:"0";s:5:"catid";s:1:"5";s:13:"category_name";s:8:"Dividers";s:9:"prodcount";s:1:"1";}i:15;a:3:{s:8:"parentid";s:1:"0";s:5:"catid";s:2:"15";s:13:"category_name";s:12:"Game Storage";}i:18;a:3:{s:8:"parentid";s:1:"0";s:5:"catid";s:2:"18";s:13:"category_name";s:13:"High Capacity";}i:12;a:4:{s:8:"parentid";s:1:"0";s:5:"catid";s:2:"12";s:13:"category_name";s:13:"Movie Storage";s:8:"subcount";s:1:"1";}i:11;a:4:{s:8:"parentid";s:1:"0";s:5:"catid";s:2:"11";s:13:"category_name";s:13:"Music Storage";s:8:"subcount";s:1:"1";}i:16;a:3:{s:8:"parentid";s:1:"0";s:5:"catid";s:2:"16";s:13:"category_name";s:13:"Photo Storage";}i:19;a:4:{s:8:"parentid";s:1:"0";s:5:"catid";s:2:"19";s:13:"category_name";s:4:"Sets";s:9:"prodcount";s:1:"2";}i:4;a:5:{s:8:"parentid";s:1:"0";s:5:"catid";s:1:"4";s:13:"category_name";s:7:"Sleeves";s:8:"subcount";s:1:"1";s:9:"prodcount";s:1:"7";}i:9;a:4:{s:8:"parentid";s:1:"0";s:5:"catid";s:1:"9";s:13:"category_name";s:4:"Test";s:9:"prodcount";s:1:"4";}i:17;a:3:{s:8:"parentid";s:1:"0";s:5:"catid";s:2:"17";s:13:"category_name";s:6:"Travel";}i:8;a:3:{s:8:"parentid";s:1:"4";s:5:"catid";s:1:"8";s:13:"category_name";s:12:"Game Sleeves";}i:10;a:4:{s:8:"parentid";s:1:"6";s:5:"catid";s:2:"10";s:13:"category_name";s:12:"test sub sub";s:9:"prodcount";s:1:"1";}i:6;a:5:{s:8:"parentid";s:2:"11";s:5:"catid";s:1:"6";s:13:"category_name";s:10:"CD Sleeves";s:8:"subcount";s:1:"1";s:9:"prodcount";s:1:"3";}i:7;a:4:{s:8:"parentid";s:2:"12";s:5:"catid";s:1:"7";s:13:"category_name";s:11:"DVD Sleeves";s:9:"prodcount";s:1:"4";}}','13:57:09');
TRUNCATE `config`;
OPTIMIZE TABLE `config`;
INSERT INTO `config` (`configid`,`section`,`sequence`,`key`,`value`) VALUES ('1','basics','0','store_name','DiscSox CD and DVD Storage'),
('2','basics','1','web_site_url','http://www.mmdesign.com/qs30'),
('3','basics','2','secure_url','https://www.mmdesign.com/qs30'),
('4','basics','3','home_page_name','http://www.mmdesign.com'),
('5','basics','4','store_description','This is our wonderful store with lots of great deals for you to check out.'),
('6','basics','5','store_keywords','Great Store'),
('7','basics','6','store_title','Welcome to our online store...'),
('8','cart','1','convert_cart_html_code','true'),
('9','cart','2','cart_name_to_convert',''),
('10','cart','4','verify_price','false'),
('11','cart','5','delete_cart_at_checkout','true'),
('12','cart','6','option_required_message','A %option_name% option must be chosen for this item before it can be added to your order.'),
('13','cart','7','invalid_quantity_message','It appears that you did not enter a valid numeric quantity.'),
('14','email','0','send_email','true'),
('15','email','1','use_smtp_to_send_mail','false'),
('16','email','2','mail_server_host','mail.discsox.com'),
('17','email','3','mail_server_username','info@discsox.com'),
('18','email','4','mail_server_password','1475963'),
('19','email','5','send_store_email','true'),
('20','email','6','send_customer_email','true'),
('21','email','7','store_email_address','marcello@discsox.com'),
('22','email','8','store_cc_email_addresses',''),
('23','email','9','store_email_subject_line','Customer Order: %orderNumber%'),
('24','email','10','customer_email_field','billaddress_email'),
('25','email','11','customer_email_subject_line','Customer Order Confirmation: %orderNumber% from DiscSox'),
('26','email','12','use_cdosys','false'),
('27','email','13','cdosys_send_using_drop_directory','false'),
('28','email','14','cdosys_drop_directory','c:/inetpub/mailroot/drop'),
('29','email','15','log_email_a_friend_item_numbers','true'),
('30','email','16','email_friend_subject_line','Thought this might interest you...'),
('31','encryption','0','encrypt_orders','false'),
('32','encryption','1','use_default_encryption','false'),
('33','encryption','2','use_pgp','true'),
('34','encryption','3','enter_default_public_key',''),
('35','encryption','4','pgp_executable_name','gpg.exe'),
('36','encryption','5','pgp_options','-a --batch'),
('37','encryption','6','pgp_path','c:/gnupg'),
('38','encryption','7','pgp_temp_file_path','c:/gnupg/temp'),
('39','encryption','8','pgp_time_zone','EST5'),
('40','encryption','9','public_key_id',''),
('41','encryption','10','security_phrase','the usual'),
('43','login','0','require_login','false'),
('44','login','1','require_password','true'),
('45','login','2','encrypt_password','true'),
('46','login','3','please_login_message','Please Login to continue...'),
('47','login','4','username_required_message','A username is required to login to this site.'),
('48','login','5','password_required_message','A password is required to login to this site.'),
('49','login','6','missing_record_message','We could not find a record for you using the login parameters you entered?'),
('50','login','7','show_registration','true'),
('83','payment_methods','0','credit_card_types','This key is just a place holder for config editing'),
('84','payment_methods','0','accepted_payment_methods','This key is just a place holder for config editing'),
('52','payment_methods','2','default_payment_method','credit_card.authorizenet.sim.html'),
('54','required_fields','0','billaddress_firstname','true'),
('55','required_fields','1','billaddress_lastname','true'),
('56','required_fields','2','billaddress_addr1','true'),
('57','required_fields','3','billaddress_city','true'),
('58','required_fields','4','billaddress_state','true'),
('59','required_fields','5','billaddress_postalcode','true'),
('60','required_fields','6','billaddress_country','true'),
('61','required_fields','7','billaddress_areacode','true'),
('62','required_fields','8','billaddress_phone','true'),
('63','required_fields','9','billaddress_email','true'),
('64','templates','0','use_store_template','true'),
('65','templates','1','store_template_name','store.template_mmd3.html'),
('66','images','0','fullsize_images_directory','../graphics/products'),
('67','images','1','thumbnail_images_directory','../graphics/products'),
('68','images','2','no_photo_image','nophoto.jpg'),
('70','images','4','product_thumbnail_max_height','150'),
('71','images','5','product_thumbnail_max_width','150'),
('72','images','3','image_border_size','0'),
('74','product_display','1','show_search_result_as_list','false'),
('73','product_display','3','max_rows_to_return','24'),
('75','product_display','2','show_search_result_using_columns','true'),
('76','product_display','4','number_of_columns_to_display','4'),
('77','messages','0','maintenance_title','The Store is Closed For Maintenance'),
('78','messages','0','maintenance_message','The store is closed for maintenance. <p>Please check back later...'),
('79','messages','0','no_matching_records_found_title','No matching records were found...'),
('80','messages','0','no_matching_records_found_message','Please try again with different search terms.'),
('81','cart','3','show_prices','true'),
('82','product_display','5','show_prices','true'),
('85','ftp','1','ftp_host','mmdesign.com'),
('86','ftp','2','username','mmdesi5'),
('87','ftp','3','password','m1475963m'),
('88','ftp','4','document_root','/public_html/qs30'),
('90','basics','8','currency_code','USD'),
('91','basics','9','currency_symbol','$'),
('92','downloads','1','download_url',''),
('93','downloads','2','download_filepath',''),
('94','basics','12','maintenance_mode','false'),
('95','product_display','6','sort_by_fields','category_name,products.name'),
('96','basics','10','date_format','m/d/Y'),
('97','basics','11','always_display_area_code','false'),
('98','product_display','7','show_subcategory_thumbnails','false'),
('99','product_display','8','keyword_fields','products.name,products.description'),
('100','email','17','use_customer_email_as_from_address','true'),
('101','required_fields','10','billaddress_areacode2','true'),
('102','required_fields','11','billaddress_phone2','true') ON DUPLICATE KEY UPDATE `configid` = LAST_INSERT_ID(`configid`);
TRUNCATE `credit_cards`;
OPTIMIZE TABLE `credit_cards`;
INSERT INTO `credit_cards` (`ccid`,`card_name`,`active`) VALUES ('1','Visa','true'),
('2','Mastercard','true'),
('3','Discover','true'),
('4','American Express','true') ON DUPLICATE KEY UPDATE `ccid` = LAST_INSERT_ID(`ccid`);
TRUNCATE `customer_favorites`;
OPTIMIZE TABLE `customer_favorites`;
TRUNCATE `customer_shipping`;
OPTIMIZE TABLE `customer_shipping`;
INSERT INTO `customer_shipping` (`csid`,`cid`,`primary_address`,`shipaddress_companyname`,`shipaddress_firstname`,`shipaddress_lastname`,`shipaddress_addr1`,`shipaddress_addr2`,`shipaddress_city`,`shipaddress_county`,`shipaddress_state`,`shipaddress_postalcode`,`shipaddress_country`,`shipaddress_areacode`,`shipaddress_phone`,`shipaddress_email`,`shipaddress_delivery_type`) VALUES ('1000','1000','true','','Marcel','Manzardo','216 Jones Road','','Los Gatos','','CA','95030','US','408','399-6150','marcello@discsox.com','residential'),
('1001','1001','true','','Marcel','Manzardo','216 Jones Road','','Los Gatos','Santa Clara','CA','95030','US','408','399-6150','marcello@discsox.com','residential'),
('1002','1002','true','','Marcel','Manzardo','216 Jones Road','','Los Gatos','','CA','95030','US','408','399-6150','marcello@discsox.com','residential'),
('1003','1003','true','','Marcel','Manzardo','216 Jones Road','','Los Gatos','out_of_state','INVALID','95030','US','408','701-1540','marcello@discsox.com','residential'),
('1008','1008','true','','Marcel','Manzardo','216 jones','','los gatos','Santa Clara','CA','95030','US','408','701-1540','marcello@discsox.com','residential'),
('1004','1004','true','','Marcel','Manzardo','216 Jones Road','','Los Gatos','Other','CA','95030','US','408','701-1540','marcello@discsox.com','residential'),
('1005','1005','true','','Marcel','Manzardo','216 Jones Road','','Los Gatos','Santa Clara','CA','95030','US','408','3996150','marcello@discsox.com','residential'),
('1006','1006','true','','Marcel','Manzardo','','216 Jones Road','Los Gatos','out_of_state','GU','95030','US','408','701-1540','marcello@discsox.com','residential'),
('1007','1007','true','','Marcel','Manzardo_test_xy','216 Jones Road','','Los Gatos','Santa Clara','CA','95030','US','408','701-1540','marcello@discsox.com','residential'),
('1009','1010','true','','Marcel','Manzardo','216 Jones','','los gatos','Santa Clara','CA','95030','US','408','701-1540','marcello@discsox.com','residential'),
('1010','1011','true','','Marcel','Manzardo','216 Jones','','los gatos','Other','CA','95030','US','408','701-1540','marcello@discsox.com','residential'),
('1011','1001','false','','Marcel','Manzardo','test','','Los Gatos','','CA','95030','US','408','701-1540','marcello@discsox.com','residential'),
('1012','1012','true','','Renee','Patton','216 Jones','','los gatos','Santa Clara','CA','95030','US','408','701-1540','renee.patton@c2m-consulting.com','residential'),
('1013','1013','true','','Marcel','Manzardo','216 Jones Road','','Los Gatos','Santa Clara','CA','95030','US','408','3996150','marcello@discsox.com','residential'),
('1014','1014','true','','Marcel','Manzardo','216 Jones Road','','Los Gatos','Santa Clara','CA','95030','US','408','3996150','marcello@discsox.com','residential'),
('1015','1015','true','','marcel','manzardo','216 jones','','los gatos','Santa Clara','CA','95030','US','408','701-1540','marcello@discsox.com','residential'),
('1016','1016','true','','Marcel','Manzardo_test_xx','216 Jones','','los gatos','Santa Clara','CA','95030','US','408','701-1540','marcello@discsox.com','residential'),
('1017','1017','true','','Marcel','Manzardo','216 Jones','','los gatos','Santa Clara','CA','95030','US','408','701-1540','marcello@discsox.com','residential'),
('1018','1018','true','','Marcel','Manzardo_test_xy','216 Jones Road','','Los Gatos','Other','CA','95030','US','408','399-6150','marcello@discsox.com','residential'),
('1019','1001','false','','Marcel','Manzardo_test_xy','216 Jones Road','','Los Gatos','Other','CA','95030','US','408','399-6150','marcello@discsox.com','residential'),
('1020','1002','false','','Marcel','Manzardo_test_xy','216 Jones Road','','Los Gatos','Santa Clara','CA','95030','US','408','399-6150','marcello@discsox.com','residential') ON DUPLICATE KEY UPDATE `csid` = LAST_INSERT_ID(`csid`);
TRUNCATE `customers`;
OPTIMIZE TABLE `customers`;
INSERT INTO `customers` (`cid`,`customer_number`,`active`,`active_date`,`customer_type`,`discount_rate`,`discount_type`,`discount_text`,`billaddress_companyname`,`billaddress_firstname`,`billaddress_lastname`,`billaddress_addr1`,`billaddress_addr2`,`billaddress_city`,`billaddress_state`,`billaddress_county`,`billaddress_postalcode`,`billaddress_country`,`billaddress_areacode`,`billaddress_phone`,`billaddress_email`,`email_list`,`cust_notes`,`username`,`password`,`is_taxable`) VALUES ('1000','1000','true','2007-12-17','retail','0%','percentage','Customer Discount','','Marcel','Manzardo','216 Jones Road','','Los Gatos','CA','','95030','US','408','399-6150','marcello@discsox.com','true','','','db2cfd81b32961f7b1e9ebaffde6b34e','true'),
('1001','1001','true','2007-12-18','retail','0%','percentage','Customer Discount','','Marcel','Manzardo_test_xy','216 Jones Road','','Los Gatos','CA','Other','95030','US','408','399-6150','marcello@discsox.com','true','','marcello@discsox.com','2de96bd058d7cc686686fe5beca6bf41','true'),
('1002','1002','true','2007-12-20','retail','0%','percentage','Customer Discount','','Marcel','Manzardo_test_xy','216 Jones Road','','Los Gatos','CA','Santa Clara','95030','US','408','399-6150','marcello@discsox.com','true','','marcello@discsox.com','93b1b8cfeb3206eb43369eca6c653e31','true'),
('1003','1003','true','2008-01-02','retail','0%','percentage','Customer Discount','','Marcel','Manzardo','216 Jones Road','','Los Gatos','CA','Other','95030','US','408','701-1540','marcello@discsox.com','true','','','','true'),
('1004','1004','true','2008-01-04','retail','0%','percentage','Customer Discount','','Marcel','Manzardo','216 Jones Road','','Los Gatos','CA','Other','95030','US','408','701-1540','marcello@discsox.com','true','','','','true'),
('1005','1005','true','2008-01-04','retail','0%','percentage','Customer Discount','','Marcel','Manzardo','216 Jones Road','','Los Gatos','CA','Santa Clara','95030','US','408','3996150','marcello@discsox.com','true','','','','true'),
('1006','1006','true','2008-01-04','retail','0%','percentage','Customer Discount','','Marcel','Manzardo','','216 Jones Road','Los Gatos','CA','Other','95030','US','408','701-1540','marcello@discsox.com','true','','','','true'),
('1007','1007','true','2008-01-08','retail','0%','percentage','Customer Discount','','Marcel','Manzardo_test_xy','216 Jones Road','','Los Gatos','CA','Santa Clara','95030','US','408','701-1540','marcello@discsox.com','true','','','','true'),
('1008','1008','true','2008-01-12','retail','0%','percentage','Customer Discount','','Marcel','Manzardo','216 jones','','los gatos','CA','Santa Clara','95030','US','408','701-1540','marcello@discsox.com','true','','','','true'),
('1009','1009','true','2008-01-12','retail','0%','percentage','Customer Discount','','Marcel','Manzardo','216 jones','','los gatos','CA','Other','95030','US','408','701-1540','marcello@discsox.com','true','','','','true'),
('1010','1010','true','2008-01-13','retail','0%','percentage','Customer Discount','','Marcel','Manzardo','216 Jones','','los gatos','CA','Santa Clara','95030','US','408','701-1540','marcello@discsox.com','true','','','','true'),
('1011','1011','true','2008-01-14','retail','0%','percentage','Customer Discount','','Marcel','Manzardo','216 Jones','','los gatos','CA','Other','95030','US','408','701-1540','marcello@discsox.com','true','','','','true'),
('1012','1012','true','2008-01-18','retail','0%','percentage','Customer Discount','','Renee','Patton','216 Jones','','los gatos','CA','Santa Clara','95030','US','408','701-1540','renee.patton@c2m-consulting.com','true','','','','true'),
('1013','1013','true','2008-01-18','retail','0%','percentage','Customer Discount','','Marcel','Manzardo','216 Jones Road','','Los Gatos','CA','Santa Clara','95030','US','408','3996150','marcello@discsox.com','true','','','','true'),
('1014','1014','true','2008-01-18','retail','0%','percentage','Customer Discount','','Marcel','Manzardo','216 Jones Road','','Los Gatos','CA','Santa Clara','95030','US','408','3996150','marcello@discsox.com','true','','','','true'),
('1015','1015','true','2008-01-18','retail','0%','percentage','Customer Discount','','marcel','manzardo','216 jones','','los gatos','CA','Santa Clara','95030','US','408','701-1540','marcello@discsox.com','true','','','','true'),
('1016','1016','true','2008-01-20','retail','0%','percentage','Customer Discount','','Marcel','Manzardo','216 Jones','','los gatos','CA','Santa Clara','95030','US','408','701-1540','marcello@discsox.com','true','','','','true'),
('1017','1017','true','2008-01-21','retail','0%','percentage','Customer Discount','','Marcel','Manzardo','216 Jones','','los gatos','CA','Other','95030','US','408','701-1540','marcello@discsox.com','true','','','','true'),
('1018','1018','true','2008-01-22','retail','0%','percentage','Customer Discount','','Marcel','Manzardo_test_xy','216 Jones Road','','Los Gatos','CA','Other','95030','US','408','399-6150','marcello@discsox.com','true','','','','true'),
('1019','1019','true','2008-01-22','retail','0%','percentage','Customer Discount','','Marcel','Manzardo_test_xy','216 Jones Road','','Los Gatos','CA','Other','95030','US','408','399-6150','marcello@discsox.com','true','','','','true'),
('1020','1020','true','2008-01-22','retail','0%','percentage','Customer Discount','','Marcel','Manzardo_test_xy','216 Jones Road','','Los Gatos','CA','Other','95030','US','408','399-6150','marcello@discsox.com','true','','','','true'),
('1021','1021','true','2008-01-22','retail','0%','percentage','Customer Discount','','Marcel','Manzardo_test_xy','216 Jones Road','','Los Gatos','CA','Other','95030','US','408','399-6150','marcello@discsox.com','true','','','','true'),
('1022','1022','true','2008-01-22','retail','0%','percentage','Customer Discount','','Marcel','Manzardo_test_xy','216 Jones Road','','Los Gatos','CA','Other','95030','US','408','399-6150','marcello@discsox.com','true','','','','true'),
('1023','1023','true','2008-01-22','retail','0%','percentage','Customer Discount','','Marcel','Manzardo_test_xy','216 Jones Road','','Los Gatos','CA','Other','95030','US','408','399-6150','marcello@discsox.com','true','','','','true'),
('1024','1024','true','2008-01-22','retail','0%','percentage','Customer Discount','','Marcel','Manzardo_test_xy','216 Jones Road','','Los Gatos','CA','Other','95030','US','408','399-6150','marcello@discsox.com','true','','','','true'),
('1025','1025','true','2008-01-22','retail','0%','percentage','Customer Discount','','Marcel','Manzardo_test_xy','216 Jones Road','','Los Gatos','CA','Other','95030','US','408','399-6150','marcello@discsox.com','true','','','','true') ON DUPLICATE KEY UPDATE `cid` = LAST_INSERT_ID(`cid`);
TRUNCATE `discounts`;
OPTIMIZE TABLE `discounts`;
INSERT INTO `discounts` (`did`,`name`,`coupon`,`remove_after_use`,`catid`,`category`,`apply_to_subcategories`,`subtotal_ranges`,`qty_ranges`,`free_shipping`) VALUES ('2','Apple Discount 10%','XDSB34F','false','0','','true','1-999:10%','','false'),
('3','Theresa Fiorani Discount 5%','XE5KS04','false','0','','true','1-999:5%','','false'),
('4','permanent coupon 5%','1475963_5','false','0','','true','1-999:5%','','false'),
('5','permanent coupon 10%','1475963_10','false','0','','true','1-999:10%','','false'),
('6','permanent coupon 15%','1475963_15','false','0','','true','1-999:15%','','false'),
('7','permanent coupon 20%','1475963_20','false','0','','true','1-999:20%','','false'),
('8','permanent coupon 25%','1475963_25','false','0','','true','1-999:25%','','false'),
('9','permanent coupon 30%','1475963_30','false','0','','true','1-999:30%','','false'),
('13','permanent coupon 60%','1475963_60','false','0','','true','1-999:60%','','false'),
('11','permanent coupon 40%','1475963_40','false','0','','true','1-999:40%','','false'),
('12','permanent coupon 50%','1475963_50','false','0','','true','1-999:50%','','false'),
('14','permanent coupon 70%','1475963_70','false','0','','true','1-999:70%','','false'),
('15','permanent coupon 80%','1475963_80','false','0','','true','1-999:80%','','false'),
('16','permanent coupon 90%','1475963_90','false','0','','true','1-999:90%','','false'),
('17','permanent coupon 100%','1475963_100','false','0','','true','1-999:100%','','false'),
('18','Free Shipping','zimbabwe','false','0','','true','','','true') ON DUPLICATE KEY UPDATE `did` = LAST_INSERT_ID(`did`);
TRUNCATE `downloads`;
OPTIMIZE TABLE `downloads`;
TRUNCATE `extensions`;
OPTIMIZE TABLE `extensions`;
TRUNCATE `help`;
OPTIMIZE TABLE `help`;
INSERT INTO `help` (`hid`,`section`,`section_help`,`key`,`key_help`) VALUES ('1','basics','These are the basic parameters for your store','',''),
('2','basics','','store_name','What is the name of your store?'),
('3','basics','','web_site_url','What is the website URL to the store directory on your server?'),
('4','email','','cdosys_drop_directory','If you turn on send using drop directory above, what is the directory path to that directory on the server?'),
('5','email','','cdosys_send_using_drop_directory','CDOSYS allows you to use a drop directory where emailed are cached and then sent out after the program is done displaying the receipt page. This is optional.'),
('6','email','','customer_email_field','This is the field name on the checkout form used to send the customer emails.'),
('7','email','','customer_email_subject_line','The subject line in the email sent to the customer.'),
('8','email','','email_friend_subject_line','What do you want the subject line to be for the email that is sent to the friend?'),
('9','email','','log_email_a_friend_item_numbers','Should we log the page names / item numbers that were sent to friends?<br /><br />This allows you to see what people like on your site and what items are being sent to their friends.'),
('10','email','','mail_server_host','What is the name (url) of the email server? ( ie. mail.quikstore.com )'),
('11','email','','mail_server_password','The password for logging into the mail server account.'),
('12','email','','mail_server_username','The username for logging into the mail server account.'),
('13','email','','send_customer_email','Should we send a confirmation email to the customer?'),
('14','email','This section lists all of the settings that have to do with sending email.','',''),
('15','email','','send_email','Should we send email? ( If this is set to false, ALL emails are stopped. )'),
('16','email','','send_store_email','Should we send an order email to the store owner?'),
('17','email','','store_cc_email_addresses','This variable allows you to add a comma delimited list of email addresses that will get a copy of the order emails.'),
('18','email','','store_email_subject_line','The subject line, with the order number, in the email sent to the store owner.'),
('19','email','','store_email_address','The store email address is used as the FROM address that ALL other emails will be sent to. <br /><br /><b>NOTE:</b> This email address must be a valid user on the email host setting above. If not, the system may not send the emails.'),
('20','email','','use_cdosys','CDOSYS is an alternative email program for Windows servers that can be used when you are having trouble with the default (SMTP) method of sending email. You should ask your host if it is supported before turning this on.'),
('21','email','','use_smtp_to_send_mail','This variable tells the program to connect to an SMTP mail server to send the mail using the settings below.'),
('22','encryption','This section allows you to encrypt your order emails using PGP/GNUPG or our default encryption system. <u>We strongly recommend that you to use PGP/GNUPG when it''s available on your web server.</u><br /><br />QuikStore 2.12 users: Please note that this is NOT the same encryption used in the 2.12 version of QuikStore and requires a different encryption tool.','',''),
('23','encryption','','encrypt_orders','Should we encrypt the order emails?'),
('24','encryption','','enter_default_public_key','If you use the default encryption, enter the public key you created in the Encryption Tool here.'),
('25','encryption','','pgp_executable_name','What is the name of the executable file for PGP/GNUPG?'),
('26','encryption','','pgp_options','What are the program options for PGP/GNUPG?'),
('27','encryption','','pgp_path','What is the path to the PGP/GNUPG directory?'),
('28','encryption','','pgp_temp_file_path','What is the temp file path on the server for PGP/GNUPG?'),
('29','encryption','','pgp_time_zone','What time zone do you want to use for PGP/GNUPG?'),
('30','encryption','','public_key_id','If so, what is the public key id for your server?'),
('31','encryption','','security_phrase','The security phrase below is used for MySQL to store the credit card information in the database using AES encryption. The values above have no effect on this and it should be set at all times.<br /><br /><b>NOTE:</b> Changing this value is not recommended once it has been set and orders have been saved because you will no longer be able to read the card values of old orders.'),
('32','encryption','','use_default_encryption','Should we use the default encryption scheme?'),
('33','encryption','','use_pgp','Should we use PGP or GNUPG?'),
('34','login','','encrypt_password','Should we encrypt the password in the database?'),
('35','login','This section has the variables associated with customer logins.','',''),
('36','login','','require_login','Should we require the customer to login when they enter the store?<br /><br /><b>NOTE:</b> The customer will still be able to login even if this is turned off. It''s only used when you want to force them to login.'),
('37','login','','require_password','When they login, do you want to require a password.'),
('38','payment_methods','This section allows you to offer different types of payment methods at checkout. All of these payment methods have associated payment method files in the store.templates/payment_methods directory. If you need additional payment methods, just add a new file into that directory and it will be available as a new payment method. You will also have to add the filename in the comma delimited list below. We recommend that you review the existing payment files before adding any new ones so you can see an example of how these payment files work.<br /><br /><b>NOTE:</b> If you add new fields to the payment forms, check your email templates to be sure that those fields also exist in those templates so that the field data will be passed through to the emails.<br /><br /><b>NOTE:</b> Payment Gateways are set seperately from this screen. Review that section for more details.','',''),
('39','payment_methods','','accepted_payment_methods','This is a comma delimited list of the HTML payment file names that you want to make available to the customers during checkout. The files are located in the store.templates/payment_methods directory. If you do not want a payment method listed here to be displayed, remove it from the list. You DO NOT have to remove the file from the directory.'),
('40','basics','','secure_url','If you have a secure URL for your website, enter the secure url to the store directory here.'),
('41','basics','','home_page_name','This is the name of the ustore/u home page. The default is storefront.php'),
('42','basics','','store_description','This is a description of your store that is used in the META tags on the store front page above.'),
('43','basics','','store_keywords','This are a list of keywords that are used in the META tags on the store front page above.'),
('44','basics','','store_title','This is the title used in the title tag html on the storefront page.'),
('45','cart','','convert_cart_html_code','Allows you to add to the cart from other types of shopping cart pages. PayPal and QuikStore 2.12 pages are converted automatically. All others need to have custom code to be converted. Please be sure to check and see if your cart type is supported before turning this on.'),
('48','cart','This section defines all settings related to the add to the cart function and its applicable error messages.','',''),
('47','cart','','cart_name_to_convert','This is the name of the shopping cart you want to convert the form code from. Please be sure your cart is supported before turning this on.'),
('49','cart','','do_lookups','Do Lookups tells the system to lookup the name, price, etc... using the sku number that is passed in from an html product page. It may be require for some types of cart conversions above. <br /><br />This can be used to validate that the price from an html page matches the price in the database. <b>NOTE:</b> This function may require custom code to work with your specific cart and a csv file of product data may be required.'),
('50','cart','','delete_cart_at_checkout','Delete cart at checkout empties the contents of the users cart when they checkout. However, the session is still maintained so they can go back and create another order if they like. The session is only closed when the user closes the browser.'),
('51','cart','','option_required_message','This message is displayed to the user when they forget to select an option and add to the cart. The name of the missing option will be replaced in the text before it''s displayed.'),
('52','cart','','invalid_quantity_message','This message is displayed if the user enters an invalid quantity when trying to add to the cart.'),
('53','extensions','<b>NOTE:</b> If you are not sure what this is, it''s best not to make any changes below.<br /><br /><b>Overview:</b><br />All of the functionality in the shopping cart has been built using PHP class libraries. By using class libraries to define the functionality of the cart, we can also modify the way the specific functions work by adding <u>custom</u> class libraries. This allows us to redefine how a specific function works or provide additional functionality without changing any of the original files.<br /><br />These Extensions allow you to set these custom class file names. Currently only one level is allowed. Just install your custom class library file into the "store.include/extensions" directory and enter your new class filename and it will be automatically loaded at run time.<br /><br />An example entry would be:  discount: custom.discount.inc<br /><br />This says that the custom.discount.inc file has a "x_Discount" class in it that extends the default "Discount" class functionality.<br /><br />If you know PHP and are interested in writing a custom class library, please send us an email and we will provide you with details on how this works.','',''),
('54','login','','please_login_message','These are various messages displayed to the user when they login.'),
('55','login','','show_registration','Show registration turns on/off the user registration portion of the checkout form. If you want users to be able to register during checkout, leave this on.'),
('56','payment_methods','','default_payment_method','This is the default payment method that is pre-selected when the checkout form is displayed.'),
('57','payment_methods','','credit_card_types','This is a comma delimited list of credit card types that you offer and want to make available to the user.'),
('59','images','','images_directory','What is the directory name where the full size images stored on the server?

<b>NOTE:</b> This is a directory path, not a URL.'),
('60','images','','images_thumbnail_directory','What is the directory name where the thumbnail images stored on the server? 

<b>NOTE:</b> This is a directory path, not a URL.'),
('61','images','','no_photo_image','What is the name of the image to use if no image exists for the product?'),
('62','images','','use_popup_javascript_window_for_images','When the user clicks on a full size image, should we use a pop up to display the zoom image in a new window?'),
('63','images','','product_thumbnail_max_height','When the images get converted to thumbnails during upload, what is the <u>maximum</u> height they should be set to? If the actual image is smaller than the maximum height, this is not used.'),
('64','images','','product_thumbnail_max_width','When the images get converted to thumbnails during upload, what is the <u>maximum</u> width they should be set to? If the actual image is smaller than the maximum width, this is not used.'),
('65','images','','image_border_size','What is the border size to use for the display of images?'),
('66','images','This section has all the variables for the product images when you use a database driven store.','',''),
('67','product_display','','max_rows_to_return','The number of products to display for a query result.'),
('68','product_display','','show_search_result_as_list','Should we show the search results as a list of items?'),
('69','product_display','','show_search_result_using_columns','Should we display the results of a search using multiple columns of images?'),
('70','product_display','','number_of_columns_to_display','If we are displaying the search results using columns, how many columns do you want displayed?'),
('71','messages','','maintenance_title','The title that is displayed when the store in maintenance mode.'),
('72','messages','','maintenance_message','The message that is displayed when the store in maintenance mode.'),
('73','messages','','no_matching_records_found_title','Title Displayed when no records were returned from a search.'),
('74','messages','','no_matching_records_found_message','Message Displayed when no records were returned from a search.'),
('75','cart','','show_prices','This allows you to turn off the display of prices in the cart. Mainly used for a quote type store.'),
('76','cart','','verify_price','This turns on/off price testing of HTML page items. When this is on and an item is added to the cart from a static HTML page, the item is looked up in the product database to verify the price before allowing it to be added to the cart. The matching sku number, item name, and item price must be in the products database.'),
('77','product_display','','show_prices','Allows you to turn off the price when products are displayed.'),
('78','google checkout','These are the variables associated with the Google Checkout Payment Gateway','',''),
('79','google checkout','','merchant_id','This is the Merchant ID that was provided to you when you registered with Google.'),
('80','google checkout','','merchant_key','This is the Merchant Key that was provided to you when you registered with Google.'),
('81','google checkout','','server_type','Server Type can be one of the following:

sandbox (test)
checkout (live)'),
('82','google checkout','','currency_symbol','This is the 3 character currency code for your country.'),
('83','google checkout','','allowed_shipping_areas','Allowed shipping areas are currently restricted to CONTINENTAL_48, FULL_50_STATES, or ALL:

CONTINENTAL_48 - All U.S. states except Alaska and Hawaii
FULL_50_STATES - All U.S. states
ALL - All U.S. postal service addresses, including military addresses, U.S. insular areas, etc.'),
('84','google checkout','','tax_shipping','Should we tax shipping?'),
('85','google checkout','','checkout_button_size','This determines the size of the checkout button. It can be large, medium, or small.'),
('86','ftp','','host','This is the ftp host where you connect to upload files to your website. By default, it''s typically "localhost".'),
('87','ftp','','username','This is the FTP username for the host above.'),
('88','ftp','','password','This is the password for the FTP host above.'),
('89','ftp','These settings are used for uploading files to your website from this control panel.','',''),
('90','basics','','currency_symbol','The currency symbol for your country'),
('92','basics','','currency_code','Your 3 character country code'),
('93','ftp','','ftp_host',''),
('94','ftp','','document_root','The document root for the store. This is a directory path, not a URL.'),
('95','downloads','','download_url','This is the URL to your quikstore root folder.'),
('96','downloads','','download_filepath','This is the real filepath to the download directory on your server. Use forward slashes for all file paths.'),
('98','templates','','use_store_template','Set this value to true if you want to use a common template throughout your site.'),
('99','templates','','store_template_name','Enter the template name that you want to use. eg. store.template1.html, store.template5.html, etc'),
('100','verisign_pro','These are the Verisign XMLPay Gateway parameters','',''),
('101','verisign_pro','','vendor','Set to the same as your Verisign Login'),
('102','verisign_pro','','partner','This is typically Verisign'),
('103','verisign_pro','','transaction_type','Sale or Authorization'),
('104','verisign_pro','','username','Your Verisign username'),
('105','verisign_pro','','password','Your Verisign password'),
('106','verisign_pro','','test_mode','Run in test mode?'),
('107','basics','','maintenance_mode','Allows you to turn the store off for maintenance.'),
('108','shipping','This function allows you to set shipping preferences and turn on the shipping plug-ins.','',''),
('109','shipping','','bypass_plugin_on_zero_weight','Allows you to bypass the shipping plug-ins and use the default logic when the weight in the cart is zero.'),
('110','shipping','','require_shipping','Allows you to turn on/off shipping.'),
('111','shipping','','hide_shipping_on_zero_weight','Allows you to turn off shipping when the weight in the cart is zero.'),
('112','shipping','','use_shipping_plugin','Allows you to turn on the shipping plug-ins.'),
('113','shipping','','shipping_plugin_name','This is the name or names of the shipping plug-ins you would like to use. If you enter a comma delimited list like: ups.standard.inc,usps.xml.inc then a pull-down box will appear on the checkout screen that allows the user to select their shipping preference and only those rates will be displayed.'),
('114','shipping','','bypass_plugin_on_zero_weight','Allows you to bypass the shipping plug-ins and use the default logic when the weight in the cart is zero.'),
('115','shipping','','free_shipping_text','Text displayed to the user when the shipping total is zero.'),
('116','shipping','','default_shipping_region','Your default shipping region.'),
('117','shipping','','offer_local_pickup','Offer Local Pick-up as an option for shipping?'),
('118','shipping','','local_pickup_text','The text displayed for the Local Pick-up shipping option.'),
('119','product_display','','sort_by_fields','Allows you to define the sort fields of the products display.'),
('120','basics','','date_format','Allows you to define the order date format.'),
('121','basics','','always_display_area_code','Allows you to display the telephone area code field at checkout even if you are outside the US and Canada. This is usually defined by the checkout.js javascript when the user selects their country.'),
('122','product_display','','show_subcategory_thumbnails','Allows you to display a list of subcategory thumbnails when a product search returns no results and there are subcategories with products available.'),
('123','product_display','','keyword_fields','Allows you to create a list of keyword fields for a product search. Be sure to add the table name to the front of each field like products.name or product_custom.user_1'),
('124','email','','use_customer_email_as_from_address','Allows you to set the from address for the store email to the customer email address.<br /><br /><b>NOTE:</b> This may not work on some email servers.'),
('125','required_fields','','billaddress_areacode2','These are the new Evening Phone fields') ON DUPLICATE KEY UPDATE `hid` = LAST_INSERT_ID(`hid`);
TRUNCATE `install`;
OPTIMIZE TABLE `install`;
INSERT INTO `install` (`iid`,`install_date`,`file_name`) VALUES ('1','2007-10-07','default install') ON DUPLICATE KEY UPDATE `iid` = LAST_INSERT_ID(`iid`);
TRUNCATE `inventory`;
OPTIMIZE TABLE `inventory`;
TRUNCATE `manufacturers`;
OPTIMIZE TABLE `manufacturers`;
INSERT INTO `manufacturers` (`mid`,`mfg_name`,`display_mfg`) VALUES ('1','Other','true'),
('2','Sonice','true'),
('3','Univenture','true'),
('4','Transparent Office Products','true'),
('5','Classic Plastics','true'),
('6','Filerite','true'),
('7','MaxCDWallet','true'),
('8','Plasti Print','true'),
('9','Odyssey','true'),
('10','ProCases','true'),
('11','Worldwide Imp/Exp','true'),
('12','Woods Woodwork','true'),
('13','Made-Smart','true'),
('14','Pacific Tech','true'),
('15','Dolphin Press','true'),
('16','Pointil Systems','true'),
('17','Printer''s Helper','true'),
('18','Promedia','true'),
('19','EBG','true'),
('20','AMI-Proline','true'),
('21','Readerware','true') ON DUPLICATE KEY UPDATE `mid` = LAST_INSERT_ID(`mid`);
TRUNCATE `option_details`;
OPTIMIZE TABLE `option_details`;
INSERT INTO `option_details` (`odid`,`oid`,`sequence`,`value`,`price`,`weight`,`text`) VALUES ('1','2','1','Free 5DIVCP, 96MSCL_rl','0.00','0','Buy 1-3 Sets: Bonus: Receive 5 Dividers and 96 Category Labels FREE!'),
('2','2','2','Free 24DIVCP','0.00','0','Buy 4-9 Sets: Bonus: Receive one 24-Divider Set Alphabetical FREE!'),
('3','2','3','Free 2x24DIVCP','0.00','0','Buy 10+ Sets: Bonus: Receive two 24-Divider Sets Alphabetical FREE!'),
('4','2','4','Free 5DIVCP, 96MSCL_rl, SETCDP','0.00','3.5','Buy 10+ Sets: Bonus: Receive one CD Pro Set, 5 Dividers & 96 Category Labels FREE!'),
('5','2','5','No Dividers or Labels','0.00','0','Thanks, I don''t need any Dividers or Category Labels!'),
('6','3','1','Free 5DIVCP, 96MSCL_rl','0.00','0','Buy 1-3 Sets: Bonus: Receive 5 Dividers and 96 Category Labels FREE!'),
('7','3','2','Free 24DIVCP','0.00','0','Buy 4-9 Sets: Bonus: Receive one 24-Divider Set Alphabetical FREE!'),
('8','3','3','Free 2x24DIVCP','0.00','0','Buy 10+ Sets: Bonus: Receive two 24-Divider Sets Alphabetical FREE!'),
('9','3','4','Free 5DIVCP, 96MSCL_rl, SETCDPM','0.00','0','Buy 10+ Sets: Bonus: Receive one CD Pro Set, 5 Dividers & 96 Category Labels FREE!'),
('10','3','5','No Dividers or Labels','0.00','0','Thanks, I don''t need any Dividers or Category Labels!') ON DUPLICATE KEY UPDATE `odid` = LAST_INSERT_ID(`odid`);
TRUNCATE `option_import`;
OPTIMIZE TABLE `option_import`;
TRUNCATE `options`;
OPTIMIZE TABLE `options`;
INSERT INTO `options` (`oid`,`number`,`name`,`description`,`format`,`type`,`required`) VALUES ('3','1','SETCDPM','Free 5DIVCP, 96MSCL_rl,Free 24DIVCP,Free 2x24DIVCP,Free 5DIVCP, 96MSCL_rl, SETCDPM,No Dividers or La...','radio buttons','option','false'),
('2','1','SETCDP','Free 5DIVCP, 96MSCL_rl,Free 24DIVCP,Free 2x24DIVCP,Free 5DIVCP, 96MSCL_rl, SETCDP,No Dividers or Lab...','radio buttons','option','false') ON DUPLICATE KEY UPDATE `oid` = LAST_INSERT_ID(`oid`);
TRUNCATE `order_details`;
OPTIMIZE TABLE `order_details`;
INSERT INTO `order_details` (`ordid`,`orid`,`page`,`shipping`,`taxable`,`tax_rate`,`tax_level`,`quantity`,`sku`,`name`,`price`,`size`,`weight`,`download_filename`) VALUES ('1','1','cd_pro_sleeve_qs30.htm','0','true','0.0000','0','1','25PCDP','DiscSox-CD Pro Sleeves 25-Pack','1-20:13.95,21-40:12.95,41-99:11.95,100-99:11.35,100-99:11.35','In Stock','0.9',''),
('2','2','cd_pro_sleeve_qs30.htm','0','true','0.0000','0','1','25PCDP','DiscSox-CD Pro Sleeves 25-Pack','1-20:13.95,21-40:12.95,41-99:11.95,100-99:11.35,100-99:11.35','In Stock','0.9',''),
('3','3','cd_pro_sleeve_qs30.htm','0','true','0.0000','0','1','25PCDP','DiscSox-CD Pro Sleeves 25-Pack','1-20:13.95,21-40:12.95,41-99:11.95,100-99:11.35,100-99:11.35','In Stock','0.9',''),
('4','4','cd_pro_sleeve_qs30.htm','0','true','0.0000','0','2','25PCDP','DiscSox-CD Pro Sleeves 25-Pack','1-20:13.95,21-40:12.95,41-99:11.95,100-99:11.35,100-99:11.35','In Stock','0.9',''),
('5','5','cd_pro_sleeve_qs30.htm','0','true','0.0000','0','2','25PCDP','DiscSox-CD Pro Sleeves 25-Pack','1-20:13.95,21-40:12.95,41-99:11.95,100-99:11.35,100-99:11.35','In Stock','0.9',''),
('6','6','cd_pro_sleeve_qs30.htm','0','true','0.0000','0','1','25PCDP','DiscSox-CD Pro Sleeves 25-Pack','1-20:13.95,21-40:12.95,41-99:11.95,100-99:11.35,100-99:11.35','In Stock','0.9',''),
('7','7','cd_pro_sleeve_qs30.htm','0','true','0.0000','0','1','25PCDP','DiscSox-CD Pro Sleeves 25-Pack','13.95','In Stock','0.9',''),
('8','8','cd_pro_sleeve_qs30.htm','0','true','0.0000','0','1','25PCDP','DiscSox-CD Pro Sleeves 25-Pack','13.95','In Stock','0.9',''),
('9','9','cd_pro_sleeve_qs30.htm','0','true','0.0000','0','1','25PCDP','DiscSox-CD Pro Sleeves 25-Pack','13.95','In Stock','0.9',''),
('10','10','cd_pro_sleeve_qs30.htm','0','true','0.0000','0','1','25PCDP','DiscSox-CD Pro Sleeves 25-Pack','13.95','In Stock','0.9',''),
('11','11','cd_pro_sleeve_qs30.htm','0','true','0.0000','0','1','25PCDP','DiscSox-CD Pro Sleeves 25-Pack','1-20:13.95,21-40:12.95,41-99:11.95,100-99:11.35,100-99:11.35','In Stock','0.9',''),
('12','12','cd_pro_sleeve_qs30.htm','0','true','0.0000','0','1','25PCDP','DiscSox-CD Pro Sleeves 25-Pack','1-20:13.95,21-40:12.95,41-99:11.95,100-99:11.35,100-99:11.35','In Stock','0.9',''),
('13','13','cd_pro_sleeve_qs30.htm','0','true','0.0000','0','25','25PCDP','DiscSox-CD Pro Sleeves 25-Pack','1-20:13.95,21-40:12.95,41-99:11.95,100-99:11.35,100-99:11.35','In Stock','0.9',''),
('14','14','cd_pro_sleeve_qs30.htm','0','true','0.0000','0','3','25PCDP','DiscSox-CD Pro Sleeves 25-Pack','1-20:13.95,21-40:12.95,41-99:11.95,100-99:11.35,100-99:11.35','In Stock','0.9',''),
('15','15','cd_pro_sleeve_qs30.htm','0','true','0.0000','0','5','25PCDP','DiscSox-CD Pro Sleeves 25-Pack','1-20:13.95,21-40:12.95,41-99:11.95,100-99:11.35,100-99:11.35','In Stock','0.9',''),
('16','16','cd_pro_sleeve_qs30.htm','0','true','0.0000','0','2','25PCDP','DiscSox-CD Pro Sleeves 25-Pack','1-20:13.95,21-40:12.95,41-99:11.95,100-99:11.35,100-99:11.35','In Stock','0.9',''),
('17','17','cd_pro_sleeve_qs30.htm','0','true','0.0000','0','1','25PCDP','DiscSox-CD Pro Sleeves 25-Pack','1-20:13.95,21-40:12.95,41-99:11.95,100-99:11.35,100-99:11.35','In Stock','0.9',''),
('18','18','cd_pro_sleeve_qs30.htm','0','true','0.0000','0','2','25PCDP','DiscSox-CD Pro Sleeves 25-Pack','1-20:13.95,21-40:12.95,41-99:11.95,100-99:11.35,100-99:11.35','In Stock','0.9',''),
('19','19','cd_pro_sleeve_qs30.htm','0','true','0.0000','0','42','25PCDP','DiscSox-CD Pro Sleeves 25-Pack','1-20:13.95,21-40:12.95,41-99:11.95,100-99:11.35,100-99:11.35','In Stock','0.9',''),
('20','20','cd_pro_sleeve_qs30.htm','0','true','0.0000','0','3','25PCDP','DiscSox-CD Pro Sleeves 25-Pack','1-20:13.95,21-40:12.95,41-99:11.95,100-99:11.35,100-99:11.35','In Stock','0.9',''),
('21','21','cd_pro_sleeve_qs30.htm','0','true','0.0000','0','2','25PCDP','DiscSox-CD Pro Sleeves 25-Pack','1-20:13.95,21-40:12.95,41-99:11.95,100-99:11.35,100-99:11.35','In Stock','0.9',''),
('22','22','cd_pro_sleeve_qs30.htm','0','true','0.0000','0','2','25PCDP','DiscSox-CD Pro Sleeves 25-Pack','1-20:13.95,21-40:12.95,41-99:11.95,100-99:11.35,100-99:11.35','In Stock','0.9',''),
('23','23','cd_pro_sleeve_qs30.htm','0','true','0.0000','0','2','25PCDP','DiscSox-CD Pro Sleeves 25-Pack','1-20:13.95,21-40:12.95,41-99:11.95,100-99:11.35,100-99:11.35','In Stock','0.9',''),
('24','24','cd_pro_sleeve_qs30.htm','0','true','0.0000','0','2','25PCDP','DiscSox-CD Pro Sleeves 25-Pack','1-20:13.95,21-40:12.95,41-99:11.95,100-99:11.35,100-99:11.35','In Stock','0.9',''),
('25','25','setcdp_qs30.htm','0','true','0.0000','0','1','SETCDP','DiscSox-CD Pro Set','45.95','In Stock','3.5',''),
('26','26','cd_pro_sleeve_qs30.htm','0','true','0.0000','0','2','25PCDP','DiscSox-CD Pro Sleeves 25-Pack','1-20:13.95,21-40:12.95,41-99:11.95,100-99:11.35,100-99:11.35','In Stock','0.9',''),
('27','26','setcdp_qs30.htm','0','true','0.0000','0','2','SETCDP','DiscSox-CD Pro Set','45.95','In Stock','3.5',''),
('28','27','cd_pro_sleeve_qs30.htm','0','true','0.0000','0','1','25PCDP','DiscSox-CD Pro Sleeves 25-Pack','1-20:13.95,21-40:12.95,41-99:11.95,100-99:11.35,100-99:11.35','In Stock','0.9',''),
('29','28','cd_pro_sleeve_qs30.htm','0','true','0.0000','0','1','25PCDP','DiscSox-CD Pro Sleeves 25-Pack','1-20:13.95,21-40:12.95,41-99:11.95,100-99:11.35,100-99:11.35','In Stock','0.9',''),
('30','29','cd_pro_sleeve_qs30.htm','0','true','0.0000','0','1','25PCDP','DiscSox-CD Pro Sleeves 25-Pack','1-20:13.95,21-40:12.95,41-99:11.95,100-99:11.35,100-99:11.35','In Stock','0.9',''),
('31','30','cd_pro_sleeve_qs30.htm','0','true','0.0000','0','1','25PCDP','DiscSox-CD Pro Sleeves 25-Pack','1-20:13.95,21-40:12.95,41-99:11.95,100-99:11.35,100-99:11.35','In Stock','0.9',''),
('32','31','cd_pro_sleeve_qs30.htm','0','true','0.0000','0','2','25PCDP','DiscSox-CD Pro Sleeves 25-Pack','1-20:13.95,21-40:12.95,41-99:11.95,100-99:11.35,100-99:11.35','In Stock','0.9',''),
('33','32','cd_pro_sleeve_qs30.htm','0','true','0.0000','0','1','25PCDP','DiscSox-CD Pro Sleeves 25-Pack','1-20:13.95,21-40:12.95,41-99:11.95,100-99:11.35,100-99:11.35','In Stock','0.9',''),
('34','33','cd_pro_sleeve_qs30.htm','0','true','0.0000','0','1','25PCDP','DiscSox-CD Pro Sleeves 25-Pack','1-20:13.95,21-40:12.95,41-99:11.95,100-99:11.35,100-99:11.35','In Stock','0.9',''),
('35','34','cd_pro_sleeve_qs30.htm','0','true','0.0000','0','1','25PCDP','DiscSox-CD Pro Sleeves 25-Pack','1-20:13.95,21-40:12.95,41-99:11.95,100-99:11.35,100-99:11.35','In Stock','0.9',''),
('36','35','setcdp_qs30.htm','0','true','0.0000','0','1','SETCDP','DiscSox-CD Pro Set','45.95','In Stock','3.5',''),
('37','36','setcdp_qs30.htm','0','true','0.0000','0','1','SETCDP','DiscSox-CD Pro Set','45.95','In Stock','3.5',''),
('38','37','setcdp_qs30.htm','0','true','0.0000','0','2','SETCDP','DiscSox-CD Pro Set','45.95','In Stock','3.5',''),
('39','38','cd_pro_sleeve_qs30.htm','0','true','0.0000','0','1','25PCDP','DiscSox-CD Pro Sleeves 25-Pack','1-20:13.95,21-40:12.95,41-99:11.95,100-99:11.35,100-99:11.35','In Stock','0.9',''),
('40','38','setcdp_qs30.htm','0','true','0.0000','0','1','SETCDP','DiscSox-CD Pro Set','45.95','In Stock','3.5',''),
('41','39','cd_pro_sleeve_qs30.htm','0','true','0.0000','0','1','25PCDP','DiscSox-CD Pro Sleeves 25-Pack','1-20:13.95,21-40:12.95,41-99:11.95,100-99:11.35,100-99:11.35','In Stock','0.9',''),
('42','40','cd_pro_sleeve_qs30.htm','0','true','0.0000','0','1','25PCDP','DiscSox-CD Pro Sleeves 25-Pack','1-20:13.95,21-40:12.95,41-99:11.95,100-99:11.35,100-99:11.35','In Stock','0.9',''),
('43','41','setcdp_qs30.htm','0','true','0.0000','0','2','SETCDP','DiscSox-CD Pro Set','45.95','In Stock','3.5',''),
('44','42','cd_pro_sleeve_qs30.htm','0','true','0.0000','0','1','25PCDP','DiscSox-CD Pro Sleeves 25-Pack','1-20:13.95,21-40:12.95,41-99:11.95,100-99:11.35,100-99:11.35','In Stock','0.9',''),
('45','43','cd_pro_sleeve_qs30.htm','0','true','0.0000','0','1','25PCDP','DiscSox-CD Pro Sleeves 25-Pack','1-20:13.95,21-40:12.95,41-99:11.95,100-99:11.35,100-99:11.35','In Stock','0.9',''),
('46','44','cd_pro_sleeve_qs30.htm','0','true','0.0000','0','1','25PCDP','DiscSox-CD Pro Sleeves 25-Pack','1-20:13.95,21-40:12.95,41-99:11.95,100-99:11.35,100-99:11.35','In Stock','0.9',''),
('47','44','setcdp_qs30.htm','0','true','0.0000','0','1','SETCDP','DiscSox-CD Pro Set','45.95','In Stock','3.5',''),
('48','45','setcdp_qs30.htm','0','true','0.0000','0','1','SETCDP','DiscSox-CD Pro Set','45.95','In Stock','3.5',''),
('49','45','cd_pro_sleeve_qs30.htm','0','true','0.0000','0','1','25PCDP','DiscSox-CD Pro Sleeves 25-Pack','1-20:13.95,21-40:12.95,41-99:11.95,100-99:11.35,100-99:11.35','In Stock','0.9',''),
('50','46','setcdp_qs30.htm','0','true','0.0000','0','1','SETCDP','DiscSox-CD Pro Set','45.95','In Stock','3.5',''),
('51','47','cd_pro_sleeve_qs30.htm','0','true','0.0000','0','1','25PCDP','DiscSox-CD Pro Sleeves 25-Pack','1-20:13.95,21-40:12.95,41-99:11.95,100-99:11.35,100-99:11.35','In Stock','0.9',''),
('52','48','cd_pro_sleeve_qs30.htm','0','true','0.0000','0','1','25PCDP','DiscSox-CD Pro Sleeves 25-Pack','1-20:13.95,21-40:12.95,41-99:11.95,100-99:11.35,100-99:11.35','In Stock','0.9',''),
('53','49','cd_pro_sleeve_qs30.htm','0','true','0.0000','0','1','25PCDP','DiscSox-CD Pro Sleeves 25-Pack','1-20:13.95,21-40:12.95,41-99:11.95,100-99:11.35,100-99:11.35','In Stock','0.9',''),
('54','50','cd_pro_sleeve_qs30.htm','0','true','0.0000','0','1','25PCDP','DiscSox-CD Pro Sleeves 25-Pack','1-20:13.95,21-40:12.95,41-99:11.95,100-99:11.35,100-99:11.35','In Stock','0.9',''),
('55','51','cd_pro_sleeve_qs30.htm','0','true','0.0000','0','1','25PCDP','DiscSox-CD Pro Sleeves 25-Pack','1-20:13.95,21-40:12.95,41-99:11.95,100-99:11.35,100-99:11.35','In Stock','0.9',''),
('56','52','cd_pro_sleeve_qs30.htm','0','true','0.0000','0','10','25PCDP','DiscSox-CD Pro Sleeves 25-Pack','1-20:13.95,21-40:12.95,41-99:11.95,100-99:11.35,100-99:11.35','In Stock','0.9',''),
('57','53','cd_pro_sleeve_qs30.htm','0','true','0.0000','0','1','25PCDP','DiscSox-CD Pro Sleeves 25-Pack','1-20:13.95,21-40:12.95,41-99:11.95,100-99:11.35,100-99:11.35','In Stock','0.9',''),
('58','54','cd_pro_sleeve_qs30.htm','0','true','0.0000','0','10','25PCDP','DiscSox-CD Pro Sleeves 25-Pack','1-20:13.95,21-40:12.95,41-99:11.95,100-99:11.35,100-99:11.35','In Stock','0.9',''),
('59','55','cd_pro_sleeve_qs30.htm','0','true','0.0000','0','2','25PCDP','DiscSox-CD Pro Sleeves 25-Pack','1-20:13.95,21-40:12.95,41-99:11.95,100-99:11.35,100-99:11.35','In Stock','0.9',''),
('60','56','cd_pro_sleeve_qs30.htm','0','true','0.0000','0','1','25PCDP','DiscSox-CD Pro Sleeves 25-Pack','1-20:13.95,21-40:12.95,41-99:11.95,100-99:11.35,100-99:11.35','In Stock','0.9',''),
('61','57','cd_pro_sleeve_qs30.htm','0','true','0.0000','0','10','25PCDP','DiscSox-CD Pro Sleeves 25-Pack','1-20:13.95,21-40:12.95,41-99:11.95,100-99:11.35,100-99:11.35','In Stock','0.9',''),
('62','58','cd_pro_sleeve_qs30.htm','0','true','0.0000','0','10','25PCDP','DiscSox-CD Pro Sleeves 25-Pack','1-20:13.95,21-40:12.95,41-99:11.95,100-99:11.35,100-99:11.35','In Stock','0.9',''),
('63','58','setcdp_qs30.htm','0','true','0.0000','0','20','SETCDP','DiscSox-CD Pro Set','45.95','In Stock','3.5',''),
('64','59','cd_pro_sleeve_qs30.htm','0','true','0.0000','0','1','25PCDP','DiscSox-CD Pro Sleeves 25-Pack','1-20:13.95,21-40:12.95,41-99:11.95,100-99:11.35,100-99:11.35','In Stock','0.9',''),
('65','60','products.php','0','true','0.0000','0','150','25PC','DiscSox Classic2 - 25 Pack','1-20:10.45,21-40:9.75,41-99:8.95,100-99:8.5','','0.6',''),
('66','61','24divhdp_qs30.htm','0','true','0.0000','0','1','24DIVHDP','24 HiDef Pro Dividers Alphabetical','15.95','In Stock','1.5',''),
('67','62','cd_pro_sleeve_qs30.htm','0','true','0.0000','0','4','25PCDP','DiscSox-CD Pro Sleeves 25-Pack','13.95','In Stock','0.9',''),
('68','63','products.php?pid=10&detail=true&','0','true','0.0000','0','1','25PCDP','DiscSox CD Pro - 25 Pack','1-20:13.95,21-40:12.95,41-99:11.95,100-99:11.35','5 x 6 1/8 (width x height)','0.9',''),
('69','64','products.php?pid=12&detail=true&','0','true','0.0000','0','5','25PDP','DiscSox DVD Pro - 25 Pack','1-20:26.95,21-40:25.25,41-99:23.35,100-99:22.05','Open: 11 15/16 x 7 3/4  Closed: 6 3/16 x 7 3/4 (wi','1.7',''),
('70','65','products.php?pid=10&detail=true&','0','true','0.0000','0','1','25PCDP','DiscSox CD Pro - 25 Pack','1-20:13.95,21-40:12.95,41-99:11.95,100-99:11.35','5 x 6 1/8 (width x height)','0.9',''),
('71','66','products.php?pid=12&detail=true&','0','true','0.0000','0','1','25PDP','DiscSox DVD Pro - 25 Pack','1-20:26.95,21-40:25.25,41-99:23.35,100-99:22.05','Open: 11 15/16 x 7 3/4  Closed: 6 3/16 x 7 3/4 (wi','1.7',''),
('72','67','products.php?pid=12&detail=true&','0','true','0.0000','0','5','25PDP','DiscSox DVD Pro - 25 Pack','1-20:26.95,21-40:25.25,41-99:23.35,100-99:22.05','Open: 11 15/16 x 7 3/4  Closed: 6 3/16 x 7 3/4 (wi','1.7',''),
('75','69','products.php?catid=7&','0','true','0.0000','0','2','25PDPBO','DiscSox DVD Pro Seconds - 25 Pack','1-20:12.95,21-40:12.15,41-99:11.25,100-99:10.55','Open: 11 15/16 x 7 3/4  Closed: 6 3/16 x 7 3/4 (wi','2',''),
('74','68','products.php?pid=17&detail=true&','0','true','0.0000','0','1','0_2lbs','0.2 lbs item','.2','','.2',''),
('76','70','products.php?catid=7&','0','true','0.0000','0','2','25PDPBO','DiscSox DVD Pro Seconds - 25 Pack','1-20:12.95,21-40:12.15,41-99:11.25,100-99:10.55','Open: 11 15/16 x 7 3/4  Closed: 6 3/16 x 7 3/4 (wi','2',''),
('77','71','products.php?catid=4&','0','true','0.0000','0','1','25PC','DiscSox Classic2 - 25 Pack','1-20:10.45,21-40:9.75,41-99:8.95,100-99:8.5','5 1/8 x 5 (width x height)','0.6',''),
('78','72','myaccount.php?order_history=1&','0','true','0.0000','0','10','25PCDP','DiscSox CD Pro - 25 Pack','1-20:13.95,21-40:12.95,41-99:11.95,100-99:11.35','5 x 6 1/8 (width x height)','0.9',''),
('79','73','products.php?catid=7&','0','true','0.0000','0','2','25PHDP','DiscSox HiDef Pro - 25 Pack','1-20:19.95,21-40:18.75,41-99:17.45,100-99:16.35','Open: 11 7/8  x 6 1/4  Closed: 6 x 6 1/4 (width x','1.5',''),
('80','74','products.php?catid=7&','0','true','0.0000','0','2','25PHDP','DiscSox HiDef Pro - 25 Pack','1-20:19.95,21-40:18.75,41-99:17.45,100-99:16.35','Open: 11 7/8  x 6 1/4  Closed: 6 x 6 1/4 (width x','1.5',''),
('81','75','products.php?catid=7&','0','true','0.0000','0','2','25PHDP','DiscSox HiDef Pro - 25 Pack','1-20:19.95,21-40:18.75,41-99:17.45,100-99:16.35','Open: 11 7/8  x 6 1/4  Closed: 6 x 6 1/4 (width x','1.5',''),
('82','76','products.php?catid=7&','0','true','0.0000','0','2','25PHDP','DiscSox HiDef Pro - 25 Pack','1-20:19.95,21-40:18.75,41-99:17.45,100-99:16.35','Open: 11 7/8  x 6 1/4  Closed: 6 x 6 1/4 (width x','1.5',''),
('83','77','products.php?catid=7&','0','true','0.0000','0','2','25PHDP','DiscSox HiDef Pro - 25 Pack','1-20:19.95,21-40:18.75,41-99:17.45,100-99:16.35','Open: 11 7/8  x 6 1/4  Closed: 6 x 6 1/4 (width x','1.5',''),
('84','78','products.php?catid=4&','0','true','0.0000','0','1','25PCDP','DiscSox CD Pro - 25 Pack','1-20:13.95,21-40:12.95,41-99:11.95,100-99:11.35','5 x 6 1/8 (width x height)','0.9',''),
('85','79','products.php?catid=4&','0','true','0.0000','0','1','25PCDP','DiscSox CD Pro - 25 Pack','1-20:13.95,21-40:12.95,41-99:11.95,100-99:11.35','5 x 6 1/8 (width x height)','0.9',''),
('86','80','products.php?catid=6&','0','true','0.0000','0','1','25PCDP','DiscSox CD Pro - 25 Pack','1-20:13.95,21-40:12.95,41-99:11.95,100-99:11.35','5 x 6 1/8 (width x height)','0.9',''),
('87','81','products.php?catid=4&','0','true','0.0000','0','1','25PCDP','DiscSox CD Pro - 25 Pack','1-20:13.95,21-40:12.95,41-99:11.95,100-99:11.35','5 x 6 1/8 (width x height)','0.9',''),
('88','82','products.php?catid=4&','0','true','0.0000','0','1','25PCDP','DiscSox CD Pro - 25 Pack','1-20:13.95,21-40:12.95,41-99:11.95,100-99:11.35','5 x 6 1/8 (width x height)','0.9',''),
('89','83','products.php?catid=4&','0','true','0.0000','0','1','25PCDP','DiscSox CD Pro - 25 Pack','1-20:13.95,21-40:12.95,41-99:11.95,100-99:11.35','5 x 6 1/8 (width x height)','0.9',''),
('90','84','products.php?catid=4&','0','true','0.0000','0','1','25PCDP','DiscSox CD Pro - 25 Pack','1-20:13.95,21-40:12.95,41-99:11.95,100-99:11.35','5 x 6 1/8 (width x height)','0.9',''),
('91','85','products.php?catid=6&','0','true','0.0000','0','1','25PCDP','DiscSox CD Pro - 25 Pack','1-20:13.95,21-40:12.95,41-99:11.95,100-99:11.35','5 x 6 1/8 (width x height)','0.9',''),
('92','85','setcdp_qs30.htm','0','true','0.0000','0','1','SETCDP','DiscSox-CD Pro Set','45.95','In Stock','3.5',''),
('93','86','setcdp_qs30.htm','0','true','0.0000','0','1','SETCDP','DiscSox-CD Pro Set','45.95','In Stock','3.5',''),
('94','86','setcdp_qs30.htm','0','true','0.0000','0','5','SETCDP','DiscSox-CD Pro Set','45.95','In Stock','3.5',''),
('95','87','products.php?catid=6&','0','true','0.0000','0','1','25PC','DiscSox Classic2 - 25 Pack','1-20:10.45,21-40:9.75,41-99:8.95,100-99:8.5','5 1/8 x 5 (width x height)','0.6',''),
('96','88','myaccount.php?order_history=1&','0','true','0.0000','0','2','25PCDP','DiscSox CD Pro - 25 Pack','1-20:13.95,21-40:12.95,41-99:11.95,100-99:11.35','5 x 6 1/8 (width x height)','0.9',''),
('97','89','products.php?catid=7&','0','true','0.0000','0','5','25PDP','DiscSox DVD Pro - 25 Pack','1-20:26.95,21-40:25.25,41-99:23.35,100-99:22.05','Open: 11 15/16 x 7 3/4  Closed: 6 3/16 x 7 3/4 (wi','1.7',''),
('98','90','products.php?catid=6&','0','true','0.0000','0','1','25PC','DiscSox Classic2 - 25 Pack','1-20:10.45,21-40:9.75,41-99:8.95,100-99:8.5','5 1/8 x 5 (width x height)','0.6',''),
('99','91','setcdp_qs30.htm','0','true','0.0000','0','20','SETCDP','DiscSox-CD Pro Set','45.95','In Stock','3.5',''),
('100','91','setcdp_qs30.htm','0','true','0.0000','0','5','SETCDP','DiscSox-CD Pro Set','45.95','In Stock','3.5',''),
('101','91','setcdp_qs30.htm','0','true','0.0000','0','10','SETCDP','DiscSox-CD Pro Set','45.95','In Stock','3.5',''),
('102','92','setcdp_qs30.htm','0','true','0.0000','0','20','SETCDP','DiscSox-CD Pro Set','45.95','In Stock','3.5',''),
('103','92','setcdp_qs30.htm','0','true','0.0000','0','5','SETCDP','DiscSox-CD Pro Set','45.95','In Stock','3.5',''),
('104','92','setcdp_qs30.htm','0','true','0.0000','0','10','SETCDP','DiscSox-CD Pro Set','45.95','In Stock','3.5',''),
('105','93','setcdp_qs30.htm','0','true','0.0000','0','10','SETCDP','DiscSox-CD Pro Set','45.95','In Stock','3.5',''),
('106','93','setcdp_qs30.htm','0','true','0.0000','0','10','SETCDP','DiscSox-CD Pro Set','45.95','In Stock','3.5',''),
('107','93','setcdp_qs30.htm','0','true','0.0000','0','5','SETCDP','DiscSox-CD Pro Set','45.95','In Stock','3.5',''),
('108','94','setcdp_qs30.htm','0','true','0.0000','0','10','SETCDP','DiscSox-CD Pro Set','45.95','In Stock','3.5',''),
('109','95','setcdp_qs30.htm','0','true','0.0000','0','10','SETCDP','DiscSox-CD Pro Set','45.95','In Stock','3.5',''),
('110','96','setcdp_qs30.htm','0','true','0.0000','0','10','SETCDP','DiscSox-CD Pro Set','45.95','In Stock','3.5',''),
('111','97','setcdp_qs30.htm','0','true','0.0000','0','10','SETCDP','DiscSox-CD Pro Set','45.95','In Stock','3.5',''),
('112','98','setcdp_qs30.htm','0','true','0.0000','0','10','SETCDP','DiscSox-CD Pro Set','45.95','In Stock','3.5',''),
('113','99','setcdp_qs30.htm','0','true','0.0000','0','10','SETCDP','DiscSox-CD Pro Set','45.95','In Stock','3.5',''),
('114','100','setcdp_qs30.htm','0','true','0.0000','0','10','SETCDP','DiscSox-CD Pro Set','45.95','In Stock','3.5',''),
('115','101','setcdp_qs30.htm','0','true','0.0000','0','10','SETCDP','DiscSox-CD Pro Set','45.95','In Stock','3.5',''),
('116','101','setcdp_qs30.htm','0','true','0.0000','0','10','SETCDP','DiscSox-CD Pro Set','45.95','In Stock','3.5',''),
('117','102','setcdp_qs30.htm','0','true','0.0000','0','10','SETCDP','DiscSox-CD Pro Set','45.95','In Stock','3.5',''),
('118','102','setcdp_qs30.htm','0','true','0.0000','0','10','SETCDP','DiscSox-CD Pro Set','45.95','In Stock','3.5',''),
('119','102','setcdp_qs30.htm','0','true','0.0000','0','1','SETCDP','DiscSox-CD Pro Set','45.95','In Stock','3.5',''),
('120','103','setcdp_qs30.htm','0','true','0.0000','0','1','SETCDP','DiscSox-CD Pro Set','45.95','In Stock','3.5',''),
('121','103','setcdp_qs30.htm','0','true','0.0000','0','10','SETCDP','DiscSox-CD Pro Set','45.95','In Stock','3.5',''),
('122','103','setcdp_qs30.htm','0','true','0.0000','0','10','SETCDP','DiscSox-CD Pro Set','45.95','In Stock','3.5',''),
('123','104','setcdp_qs30.htm','0','true','0.0000','0','1','SETCDP','DiscSox-CD Pro Set','45.95','In Stock','3.5',''),
('124','104','setcdp_qs30.htm','0','true','0.0000','0','10','SETCDP','DiscSox-CD Pro Set','45.95','In Stock','3.5',''),
('125','104','setcdp_qs30.htm','0','true','0.0000','0','10','SETCDP','DiscSox-CD Pro Set','45.95','In Stock','3.5',''),
('126','105','setcdp_qs30.htm','0','true','0.0000','0','10','SETCDP','DiscSox-CD Pro Set','45.95','In Stock','3.5',''),
('127','105','setcdp_qs30.htm','0','true','0.0000','0','10','SETCDP','DiscSox-CD Pro Set','45.95','In Stock','3.5',''),
('128','106','setcdp_qs30.htm','0','true','0.0000','0','10','SETCDP','DiscSox-CD Pro Set','45.95','In Stock','3.5',''),
('129','106','setcdp_qs30.htm','0','true','0.0000','0','10','SETCDP','DiscSox-CD Pro Set','45.95','In Stock','3.5',''),
('130','107','setcdp_qs30.htm','0','true','0.0000','0','10','SETCDP','DiscSox-CD Pro Set','45.95','In Stock','3.5',''),
('131','107','setcdp_qs30.htm','0','true','0.0000','0','10','SETCDP','DiscSox-CD Pro Set','45.95','In Stock','3.5',''),
('132','108','setcdp_qs30.htm','0','true','0.0000','0','10','SETCDP','DiscSox-CD Pro Set','45.95','In Stock','3.5',''),
('133','108','setcdp_qs30.htm','0','true','0.0000','0','10','SETCDP','DiscSox-CD Pro Set','45.95','In Stock','3.5',''),
('134','109','setcdp_qs30.htm','0','true','0.0000','0','10','SETCDP','DiscSox-CD Pro Set','45.95','In Stock','3.5',''),
('135','109','setcdp_qs30.htm','0','true','0.0000','0','10','SETCDP','DiscSox-CD Pro Set','45.95','In Stock','3.5',''),
('136','110','setcdp_qs30.htm','0','true','0.0000','0','10','SETCDP','DiscSox-CD Pro Set','45.95','In Stock','3.5',''),
('137','110','setcdp_qs30.htm','0','true','0.0000','0','10','SETCDP','DiscSox-CD Pro Set','45.95','In Stock','3.5',''),
('138','111','setcdp_qs30.htm','0','true','0.0000','0','10','SETCDP','DiscSox-CD Pro Set','45.95','In Stock','3.5',''),
('139','111','setcdp_qs30.htm','0','true','0.0000','0','10','SETCDP','DiscSox-CD Pro Set','45.95','In Stock','3.5',''),
('140','112','products.php?catid=9&','0','true','0.0000','0','5','1_lbs','1 lbs item','1','','1',''),
('141','112','products.php?catid=9&','0','true','0.0000','0','1','5_lbs','5 lbs item','5','','5',''),
('142','113','products.php?catid=6&','0','true','0.0000','0','1','25PC','DiscSox Classic2 - 25 Pack','1-20:10.45,21-40:9.75,41-99:8.95,100-99:8.5','5 1/8 x 5 (width x height)','0.6',''),
('143','114','products.php?catid=6&','0','true','0.0000','0','1','25PC','DiscSox Classic2 - 25 Pack','1-20:10.45,21-40:9.75,41-99:8.95,100-99:8.5','5 1/8 x 5 (width x height)','0.6',''),
('144','115','setcdp_qs30.htm','0','true','0.0000','0','10','SETCDP','DiscSox-CD Pro Set','45.95','In Stock','3.5',''),
('145','115','setcdp_qs30.htm','0','true','0.0000','0','10','SETCDP','DiscSox-CD Pro Set','45.95','In Stock','3.5',''),
('146','116','setcdp_qs30.htm','0','true','0.0000','0','10','SETCDP','DiscSox-CD Pro Set','45.95','In Stock','3.5',''),
('147','116','setcdp_qs30.htm','0','true','0.0000','0','10','SETCDP','DiscSox-CD Pro Set','45.95','In Stock','3.5',''),
('148','117','setcdp_qs30.htm','0','true','0.0000','0','10','SETCDP','DiscSox-CD Pro Set','45.95','In Stock','3.5',''),
('149','117','setcdp_qs30.htm','0','true','0.0000','0','10','SETCDP','DiscSox-CD Pro Set','45.95','In Stock','3.5',''),
('150','118','setcdp_qs30.htm','0','true','0.0000','0','10','SETCDP','DiscSox-CD Pro Set','45.95','In Stock','3.5',''),
('151','118','setcdp_qs30.htm','0','true','0.0000','0','10','SETCDP','DiscSox-CD Pro Set','45.95','In Stock','3.5',''),
('152','119','setcdp_qs30.htm','0','true','0.0000','0','10','SETCDP','DiscSox-CD Pro Set','45.95','In Stock','3.5',''),
('153','119','setcdp_qs30.htm','0','true','0.0000','0','10','SETCDP','DiscSox-CD Pro Set','45.95','In Stock','3.5',''),
('154','120','setcdp_qs30.htm','0','true','0.0000','0','10','SETCDP','DiscSox-CD Pro Set','45.95','In Stock','3.5',''),
('155','120','setcdp_qs30.htm','0','true','0.0000','0','1','SETCDP','DiscSox-CD Pro Set','45.95','In Stock','3.5',''),
('156','120','setcdp_qs30.htm','0','true','0.0000','0','10','SETCDP','DiscSox-CD Pro Set','45.95','In Stock','3.5',''),
('157','121','setcdp_qs30.htm','0','true','0.0000','0','10','SETCDP','DiscSox-CD Pro Set','45.95','In Stock','3.5',''),
('158','121','setcdp_qs30.htm','0','true','0.0000','0','10','SETCDP','DiscSox-CD Pro Set','45.95','In Stock','3.5',''),
('159','121','setcdp_qs30.htm','0','true','0.0000','0','1','SETCDP','DiscSox-CD Pro Set','45.95','In Stock','3.5',''),
('160','122','setcdp_qs30.htm','0','true','0.0000','0','10','SETCDP','DiscSox-CD Pro Set','45.95','In Stock','3.5',''),
('161','122','setcdp_qs30.htm','0','true','0.0000','0','10','SETCDP','DiscSox-CD Pro Set','45.95','In Stock','3.5',''),
('162','123','setcdp_qs30.htm','0','true','0.0000','0','10','SETCDP','DiscSox-CD Pro Set','45.95','In Stock','3.5',''),
('163','123','setcdp_qs30.htm','0','true','0.0000','0','10','SETCDP','DiscSox-CD Pro Set','45.95','In Stock','3.5',''),
('164','124','setcdp_qs30.htm','0','true','0.0000','0','10','SETCDP','DiscSox-CD Pro Set','45.95','In Stock','3.5',''),
('165','124','setcdp_qs30.htm','0','true','0.0000','0','10','SETCDP','DiscSox-CD Pro Set','45.95','In Stock','3.5',''),
('166','125','setcdp_qs30.htm','0','true','0.0000','0','10','SETCDP','DiscSox-CD Pro Set','45.95','In Stock','3.5',''),
('167','125','setcdp_qs30.htm','0','true','0.0000','0','10','SETCDP','DiscSox-CD Pro Set','45.95','In Stock','3.5',''),
('168','126','setcdp_qs30.htm','0','true','0.0000','0','10','SETCDP','DiscSox-CD Pro Set','45.95','In Stock','3.5',''),
('169','126','setcdp_qs30.htm','0','true','0.0000','0','10','SETCDP','DiscSox-CD Pro Set','45.95','In Stock','3.5',''),
('170','127','setcdp_qs30.htm','0','true','0.0000','0','12','SETCDP','DiscSox-CD Pro Set','45.95','In Stock','3.5',''),
('171','127','setcdp_qs30.htm','0','true','0.0000','0','10','SETCDP','DiscSox-CD Pro Set','45.95','In Stock','3.5',''),
('172','128','products.php?pid=10&detail=true&','0','true','0.0000','0','1','25PCDP','DiscSox CD Pro - 25 Pack','1-20:13.95,21-40:12.95,41-99:11.95,100-99:11.35','5 x 6 1/8 (width x height)','0.9',''),
('173','129','products.php?pid=22&detail=true&','0','true','0.0000','0','1','SETCDPM','CD Pro Set with Metal Tray','54.95','','3.5',''),
('174','129','products.php?catid=19&','0','true','0.0000','0','1','SETCDP','CD Pro Set with Styrene Tray','45.95','','3.5',''),
('175','130','products.php?catid=6&','0','true','0.0000','0','1','25PCDP','DiscSox CD Pro - 25 Pack','1-20:13.95,21-40:12.95,41-99:11.95,100-99:11.35','5 x 6 1/8 (width x height)','0.9',''),
('176','130','products.php?catid=6&','0','true','0.0000','0','1','25PC','DiscSox Classic2 - 25 Pack','1-20:10.45,21-40:9.75,41-99:8.95,100-99:8.5','5 1/8 x 5 (width x height)','0.6',''),
('177','131','products.php?catid=6&','0','true','0.0000','0','1','25PC','DiscSox Classic2 - 25 Pack','1-20:10.45,21-40:9.75,41-99:8.95,100-99:8.5','5 1/8 x 5 (width x height)','0.6',''),
('178','132','products.php?catid=19&','0','true','0.0000','0','2','SETCDPM','CD Pro Set with Metal Tray','54.95','','3.5',''),
('179','133','products.php?pid=22&detail=true&','0','true','0.0000','0','6','SETCDPM','CD Pro Set with Metal Tray','54.95','','3.5',''),
('180','134','setcdp_qs30.htm','0','true','0.0000','0','1','SETCDP','CD Pro Set with Styrene Tray','45.95','','3.5','') ON DUPLICATE KEY UPDATE `ordid` = LAST_INSERT_ID(`ordid`);
TRUNCATE `order_options`;
OPTIMIZE TABLE `order_options`;
INSERT INTO `order_options` (`oroid`,`ordid`,`name`,`price`,`value`,`weight`,`type`) VALUES ('1','25','Option','0.00','Free 5DIVCP, 96MSCL_rl','0','option'),
('2','27','Option','0.00','Free 5DIVCP, 96MSCL_rl','0','option'),
('3','36','Option','0.00','Free 5DIVCP, 96MSCL_rl','0','option'),
('4','37','Option','0.00','Free 5DIVCP, 96MSCL_rl','0','option'),
('5','38','Option','0.00','Free 5DIVCP, 96MSCL_rl','0','option'),
('6','40','Option','0.00','Free 5DIVCP, 96MSCL_rl','0','option'),
('7','43','Option','0.00','Free 5DIVCP, 96MSCL_rl','0','option'),
('8','47','Option','0.00','Free 5DIVCP, 96MSCL_rl','0','option'),
('9','48','Option','0.00','Free 5DIVCP, 96MSCL_rl','0','option'),
('10','50','Option','0.00','Free 5DIVCP, 96MSCL_rl','0','option'),
('11','63','Option','0.00','Free 5DIVCP, 96MSCL_rl, SETCDP','3.5','option'),
('12','92','Option','0.00','Free 5DIVCP, 96MSCL_rl','0','option'),
('13','93','Option','0.00','Free 5DIVCP, 96MSCL_rl','0','option'),
('14','94','Option','0.00','Free 24DIVCP','0.6','option'),
('15','99','Option','0.00','Free 5DIVCP, 96MSCL_rl, SETCDP','3.5','option'),
('16','100','Option','0.00','Free 24DIVCP','0.6','option'),
('17','101','Option','0.00','Free 2x24DIVCP','1.2','option'),
('18','102','Option','0.00','Free 5DIVCP, 96MSCL_rl, SETCDP','3.5','option'),
('19','103','Option','0.00','Free 24DIVCP','0.6','option'),
('20','104','Option','0.00','Free 2x24DIVCP','1.2','option'),
('21','105','Option','0.00','Free 5DIVCP, 96MSCL_rl, SETCDP','3.5','option'),
('22','106','Option','0.00','Free 2x24DIVCP','1.2','option'),
('23','107','Option','0.00','Free 24DIVCP','0.6','option'),
('24','108','Option','0.00','Free 5DIVCP, 96MSCL_rl, SETCDP','3.5','option'),
('25','109','Option','0.00','Free 5DIVCP, 96MSCL_rl, SETCDP','3.5','option'),
('26','110','Option','0.00','Free 5DIVCP, 96MSCL_rl, SETCDP','3.5','option'),
('27','111','Option','0.00','Free 5DIVCP, 96MSCL_rl, SETCDP','3.5','option'),
('28','112','Option','0.00','Free 5DIVCP, 96MSCL_rl, SETCDP','3.5','option'),
('29','113','Option','0.00','Free 5DIVCP, 96MSCL_rl, SETCDP','3.5','option'),
('30','114','Option','0.00','Free 2x24DIVCP','1.2','option'),
('31','115','Option','0.00','Free 5DIVCP, 96MSCL_rl, SETCDP','3.5','option'),
('32','116','Option','0.00','Free 2x24DIVCP','1.2','option'),
('33','117','Option','0.00','Free 5DIVCP, 96MSCL_rl, SETCDP','3.5','option'),
('34','118','Option','0.00','Free 2x24DIVCP','1.2','option'),
('35','119','Option','0.00','Free 5DIVCP, 96MSCL_rl','0','option'),
('36','120','Option','0.00','Free 5DIVCP, 96MSCL_rl','0','option'),
('37','121','Option','0.00','Free 2x24DIVCP','1.2','option'),
('38','122','Option','0.00','Free 5DIVCP, 96MSCL_rl, SETCDP','3.5','option'),
('39','123','Option','0.00','Free 5DIVCP, 96MSCL_rl','0','option'),
('40','124','Option','0.00','Free 2x24DIVCP','1.2','option'),
('41','125','Option','0.00','Free 5DIVCP, 96MSCL_rl, SETCDP','3.5','option'),
('42','126','Option','0.00','Free 5DIVCP, 96MSCL_rl, SETCDP','3.5','option'),
('43','127','Option','0.00','Free 2x24DIVCP','1.2','option'),
('44','128','Option','0.00','Free 5DIVCP, 96MSCL_rl, SETCDP','3.5','option'),
('45','129','Option','0.00','Free 2x24DIVCP','1.2','option'),
('46','130','Option','0.00','Free 2x24DIVCP','1.2','option'),
('47','131','Option','0.00','Free 5DIVCP, 96MSCL_rl, SETCDP','3.5','option'),
('48','132','Option','0.00','Free 2x24DIVCP','1.2','option'),
('49','133','Option','0.00','Free 5DIVCP, 96MSCL_rl, SETCDP','3.5','option'),
('50','134','Option','0.00','Free 5DIVCP, 96MSCL_rl, SETCDP','3.5','option'),
('51','135','Option','0.00','Free 2x24DIVCP','1.2','option'),
('52','136','Option','0.00','Free 2x24DIVCP','1.2','option'),
('53','137','Option','0.00','Free 5DIVCP, 96MSCL_rl, SETCDP','3.5','option'),
('54','138','Option','0.00','Free 2x24DIVCP','1.2','option'),
('55','139','Option','0.00','Free 5DIVCP, 96MSCL_rl, SETCDP','3.5','option'),
('56','144','Option','0.00','Free 2x24DIVCP','1.2','option'),
('57','145','Option','0.00','Free 5DIVCP, 96MSCL_rl, SETCDP','3.5','option'),
('58','146','Option','0.00','Free 2x24DIVCP','1.2','option'),
('59','147','Option','0.00','Free 5DIVCP, 96MSCL_rl, SETCDP','3.5','option'),
('60','148','Option','0.00','Free 2x24DIVCP','1.2','option'),
('61','149','Option','0.00','Free 5DIVCP, 96MSCL_rl, SETCDP','3.5','option'),
('62','150','Option','0.00','Free 2x24DIVCP','1.2','option'),
('63','151','Option','0.00','Free 5DIVCP, 96MSCL_rl, SETCDP','3.5','option'),
('64','152','Option','0.00','Free 2x24DIVCP','1.2','option'),
('65','153','Option','0.00','Free 5DIVCP, 96MSCL_rl, SETCDP','3.5','option'),
('66','154','Option','0.00','Free 2x24DIVCP','1.2','option'),
('67','155','Option','0.00','Free 5DIVCP, 96MSCL_rl','0','option'),
('68','156','Option','0.00','Free 5DIVCP, 96MSCL_rl, SETCDP','3.5','option'),
('69','157','Option','0.00','Free 2x24DIVCP','1.2','option'),
('70','158','Option','0.00','Free 5DIVCP, 96MSCL_rl, SETCDP','3.5','option'),
('71','159','Option','0.00','Free 5DIVCP, 96MSCL_rl','0','option'),
('72','160','Option','0.00','Free 2x24DIVCP','1.2','option'),
('73','161','Option','0.00','Free 5DIVCP, 96MSCL_rl, SETCDP','3.5','option'),
('74','162','Option','0.00','Free 2x24DIVCP','1.2','option'),
('75','163','Option','0.00','Free 5DIVCP, 96MSCL_rl, SETCDP','3.5','option'),
('76','164','Option','0.00','Free 2x24DIVCP','1.2','option'),
('77','165','Option','0.00','Free 5DIVCP, 96MSCL_rl, SETCDP','3.5','option'),
('78','166','Option','0.00','Free 2x24DIVCP','1.2','option'),
('79','167','Option','0.00','Free 5DIVCP, 96MSCL_rl, SETCDP','3.5','option'),
('80','168','Option','0.00','Free 2x24DIVCP','1.2','option'),
('81','169','Option','0.00','Free 5DIVCP, 96MSCL_rl, SETCDP','3.5','option'),
('82','170','Option','0.00','Free 2x24DIVCP','1.2','option'),
('83','171','Option','0.00','Free 5DIVCP, 96MSCL_rl, SETCDP','3.5','option'),
('84','173','SETCDP','0.00','Free 5DIVCP, 96MSCL_rl','0','option'),
('85','180','Option','0.00','Free 5DIVCP, 96MSCL_rl','0','option') ON DUPLICATE KEY UPDATE `oroid` = LAST_INSERT_ID(`oroid`);
TRUNCATE `orders`;
OPTIMIZE TABLE `orders`;
INSERT INTO `orders` (`orid`,`cid`,`csid`,`order_number`,`affiliate`,`coupon`,`transaction_status`,`transaction_date`,`transaction_time`,`status`,`shipping_method`,`number_of_packages`,`tracking_number`,`date_shipped`,`payment_method`,`authorization_code`,`reference_number`,`name_on_card`,`credit_card_type`,`card_number`,`cvv2`,`expire_month`,`expire_year`,`bank_name`,`name_on_account`,`account_number`,`aba_routing_code`,`po_number`,`tax_number`,`comments`,`email_list`,`user_host`,`browser`,`paid`,`subtotal`,`credit`,`discount`,`shipping`,`insurance`,`salestax`,`handling`,`gst`,`hst`,`pst`,`grandtotal`) VALUES ('1','1000','1000','1000','','','Pending','2007-12-17','15:00:09','Not Shipped','Priority Mail','1','','0000-00-00','mail_in_payment.html','','','','','','','','','','','','','','','test','true','71.116.67.150','MSIE 7.0','false','13.95','0.00','0.00','7.60','0.00','1.56','0.00','0.00','0.00','0.00','23.11'),
('2','1000','1000','1001','','','Pending','2007-12-17','15:02:28','Not Shipped','Priority Mail','1','','0000-00-00','mail_in_payment.html','','','','','','','','','','','','','','','','true','71.116.67.150','MSIE 7.0','false','13.95','0.00','0.00','7.60','0.00','1.56','0.00','0.00','0.00','0.00','23.11'),
('3','1000','1000','1002','','','Pending','2007-12-17','15:08:38','Not Shipped','Priority Mail','1','','0000-00-00','mail_in_payment.html','','','','','','','','','','','','','','','test','true','71.116.67.150','MSIE 7.0','false','13.95','0.00','0.00','7.60','0.00','1.56','0.00','0.00','0.00','0.00','23.11'),
('4','1000','1000','1003','','','Pending','2007-12-18','00:50:38','Complete','Priority Mail','1','123456789','2007-12-11','mail_in_payment.html','','','','','','','','','','','','','','','','true','71.116.67.150','MSIE 7.0','true','27.90','0.00','0.00','59.52','0.00','6.34','0.00','0.00','0.00','0.00','93.76'),
('5','1000','1000','1004','','','Pending','2007-12-18','00:53:57','Complete','Priority Mail','1','','0000-00-00','mail_in_payment.html','','','','','','','','','','','','','','','','true','71.116.67.150','MSIE 7.0','true','27.90','0.00','0.00','59.52','0.00','6.34','0.00','0.00','0.00','0.00','93.76'),
('6','1001','1001','1005','','','Pending','2007-12-18','22:14:41','Not Shipped','UPS Ground','1','1234456789','2007-12-19','mail_in_payment.html','','','','','','','','','','','','','','','test','true','71.116.67.150','MSIE 7.0','true','13.95','0.00','0.00','9.16','0.00','1.68','0.00','0.00','0.00','0.00','24.79'),
('7','1001','1001','1006','','','Pending','2007-12-19','14:46:49','Not Shipped','Express Mail','1','','0000-00-00','mail_in_payment.html','','','','','','','','','','','','','','','test comment','true','71.116.67.150','MSIE 7.0','false','13.95','0.00','0.00','22.50','0.00','2.64','0.00','0.00','0.00','0.00','39.09'),
('8','1001','1001','1007','','','Pending','2007-12-19','14:53:56','Not Shipped','Priority Mail','1','','0000-00-00','mail_in_payment.html','','','','','','','','','','','','','','','','true','71.116.67.150','MSIE 7.0','false','13.95','0.00','0.00','7.60','0.00','1.56','0.00','0.00','0.00','0.00','23.11'),
('9','1001','1001','1008','','','Pending','2007-12-19','15:14:34','Not Shipped','Priority Mail','1','','0000-00-00','mail_in_payment.html','','','','','','','','','','','','','','','teststastea et','true','71.116.67.150','MSIE 7.0','false','13.95','0.00','0.00','7.60','0.00','1.56','0.00','0.00','0.00','0.00','23.11'),
('10','1001','1001','1009','','','Pending','2007-12-19','19:20:13','Not Shipped','UPS Ground','1','','0000-00-00','mail_in_payment.html','','','','','','','','','','','','','','','','true','71.116.67.150','MSIE 7.0','false','27.90','0.00','0.00','9.16','0.00','2.69','0.00','0.00','0.00','0.00','39.75'),
('11','1002','1002','1010','','','Pending','2007-12-20','08:11:53','Not Shipped','Priority Mail','1','','0000-00-00','mail_in_payment.html','','','','','','','','','','','','','','','test','true','71.116.67.150','MSIE 7.0','false','13.95','0.00','0.00','7.60','0.00','1.56','0.00','0.00','0.00','0.00','23.11'),
('12','1001','1001','1011','','','Pending','2007-12-20','21:51:38','Not Shipped','UPS Ground','1','','0000-00-00','mail_in_payment.html','','','','','','','','','','','','','','','test','true','71.116.67.150','MSIE 7.0','false','13.95','0.00','0.00','9.16','0.00','0.00','0.00','0.00','0.00','0.00','23.11'),
('13','1001','1001','1012','','','Pending','2007-12-20','22:42:32','Not Shipped','UPS Ground','1','','0000-00-00','mail_in_payment.html','','','','','','','','','','','','','','','','true','71.116.67.150','MSIE 7.0','false','323.75','0.00','48.56','14.67','0.00','24.54','0.00','0.00','0.00','0.00','314.40'),
('14','1001','1001','1013','','','Pending','2007-12-20','23:17:26','Not Shipped','UPS Ground','1','','0000-00-00','mail_in_payment.html','','','','','','','','','','','','','','','','true','71.116.67.150','MSIE 7.0','false','41.85','0.00','0.00','9.24','0.00','3.70','0.00','0.00','0.00','0.00','54.79'),
('15','1001','1001','1014','','','Pending','2007-12-20','23:46:23','Not Shipped','UPS Ground','1','','0000-00-00','mail_in_payment.html','','','','','','','','','','','','','','','','true','71.116.67.150','MSIE 7.0','false','69.75','0.00','0.00','10.01','0.00','6.58','0.00','0.00','0.00','0.00','86.34'),
('16','1001','1001','1015','','','Pending','2007-12-21','01:03:20','Not Shipped','UPS Ground','1','','0000-00-00','mail_in_payment.html','','','','','','','','','','','','','','','','true','71.116.67.150','MSIE 7.0','false','27.90','0.00','0.00','9.20','0.00','2.69','0.00','0.00','0.00','0.00','39.79'),
('17','1001','1001','1016','','','Pending','2007-12-21','01:15:06','Not Shipped','UPS Ground','1','','0000-00-00','mail_in_payment.html','','','','','','','','','','','','','','','','true','71.116.67.150','MSIE 7.0','false','13.95','0.00','0.00','9.16','0.00','1.68','0.00','0.00','0.00','0.00','24.79'),
('18','1001','1001','1017','','','Pending','2007-12-21','01:18:37','Not Shipped','UPS Ground','1','','0000-00-00','mail_in_payment.html','','','','','','','','','','','','','','','','true','71.116.67.150','MSIE 7.0','false','27.90','0.00','0.00','9.20','0.00','2.69','0.00','0.00','0.00','0.00','39.79'),
('19','1001','1001','1018','','','Pending','2007-12-21','01:30:11','Not Shipped','UPS 3-day select','1','','0000-00-00','mail_in_payment.html','','','','','','','','','','','','','','','','true','71.116.67.150','MSIE 7.0','false','501.90','0.00','0.00','105.84','0.00','50.14','0.00','0.00','0.00','0.00','657.88'),
('20','1001','1001','1019','','','Pending','2007-12-21','01:34:24','Not Shipped','UPS Ground','1','','0000-00-00','mail_in_payment.html','','','','','','','','','','','','','','','','true','71.116.67.150','MSIE 7.0','false','41.85','0.00','0.00','9.24','0.00','3.70','0.00','0.00','0.00','0.00','54.79'),
('21','1001','1001','1020','','','Pending','2007-12-27','20:43:47','Not Shipped','UPS Ground','1','','0000-00-00','mail_in_payment.html','','','','','','','','','','','','','','','test','true','71.116.67.150','MSIE 7.0','false','27.90','0.00','0.00','9.20','0.00','2.69','0.00','0.00','0.00','0.00','39.79'),
('22','1001','1001','1021','','','Pending','2007-12-27','21:43:19','Not Shipped','UPS Ground','1','','0000-00-00','mail_in_payment.html','','','','','','','','','','','','','','','test test','true','71.116.67.150','MSIE 7.0','false','27.90','0.00','0.00','9.20','0.00','2.69','0.00','0.00','0.00','0.00','39.79'),
('23','1001','1001','1022','','','Pending','2007-12-27','21:58:54','Not Shipped','UPS Ground','1','','0000-00-00','mail_in_payment.html','','','','','','','','','','','','','','','test teststststst','true','71.116.67.150','MSIE 7.0','false','27.90','0.00','0.00','9.20','0.00','2.69','0.00','0.00','0.00','0.00','39.79'),
('24','1001','1001','1023','','','Pending','2007-12-27','23:48:14','Not Shipped','UPS Ground','1','','0000-00-00','mail_in_payment.html','','','','','','','','','','','','','','','teststststst','true','71.116.67.150','MSIE 7.0','false','27.90','0.00','0.00','9.20','0.00','2.69','0.00','0.00','0.00','0.00','39.79'),
('25','1001','1001','1024','','','Pending','2007-12-28','13:51:34','Not Shipped','UPS Ground','1','','0000-00-00','mail_in_payment.html','','','','','','','','','','','','','','','','true','71.116.67.150','MSIE 7.0','false','45.95','0.00','0.00','9.36','0.00','4.01','0.00','0.00','0.00','0.00','59.32'),
('26','1001','1001','1025','','','Pending','2007-12-30','09:38:38','Not Shipped','UPS Ground','1','','0000-00-00','mail_in_payment.html','','','','','','','','','','','','','','','','true','71.116.67.150','MSIE 7.0','false','119.80','0.00','11.98','12.61','0.00','9.60','0.00','0.00','0.00','0.00','130.03'),
('27','1001','1001','1026','','1475963_10','Pending','2007-12-30','10:40:49','Not Shipped','UPS Ground','1','','0000-00-00','mail_in_payment.html','','','','','','','','','','','','','','','','true','71.116.67.150','MSIE 7.0','false','13.95','0.00','1.40','9.53','0.00','1.70','0.00','0.00','0.00','0.00','23.78'),
('28','1001','1001','1027','','1475963_50','Pending','2007-12-30','16:07:44','Not Shipped','UPS Ground','1','','0000-00-00','mail_in_payment.html','','','','','','','','','','','','','','','','true','71.116.67.150','MSIE 7.0','false','13.95','0.00','6.98','9.53','0.00','1.70','0.00','0.00','0.00','0.00','18.20'),
('29','1001','1001','1028','','','Pending','2008-01-01','13:54:36','Not Shipped','UPS Ground','1','','0000-00-00','mail_in_payment.html','','','Marcel B Manzardo','Visa','2H,>zz{xMs1','|e9)','09','2009','','','','','','','','true','71.116.67.150','MSIE 7.0','false','13.95','0.00','0.00','9.53','0.00','1.70','0.00','0.00','0.00','0.00','25.18'),
('30','1001','1001','1029','','','Pending','2008-01-01','18:07:31','Not Shipped','UPS Ground','1','','0000-00-00','credit_card.html','','','Marcel B Manzardo','Visa','2H,>zz{xMs1','|e9)','09','2009','','','','','','','','true','71.116.67.150','MSIE 7.0','false','13.95','0.00','0.00','9.53','0.00','1.70','0.00','0.00','0.00','0.00','25.18'),
('31','1001','1001','1030','','','Pending','2008-01-01','18:14:34','Not Shipped','UPS Ground','1','','0000-00-00','credit_card.html','','','Marcel B Manzardo','Visa','2H,>zz{xMs1','|e9)','09','2009','','','','','','','','true','71.116.67.150','MSIE 7.0','false','27.90','0.00','0.00','9.61','0.00','3.09','0.00','0.00','0.00','0.00','40.60'),
('32','1001','1001','1031','','','Pending','2008-01-01','19:57:31','Not Shipped','UPS Ground','1','','0000-00-00','credit_card.html','','','Marcel B Manzardo','Visa','2H,>zz{xMs1','|e9)','09','2009','','','','','','','','true','71.116.67.150','MSIE 7.0','false','13.95','0.00','0.00','9.53','0.00','1.70','0.00','0.00','0.00','0.00','25.18'),
('33','1001','1001','1032','','','Pending','2008-01-02','16:37:09','Not Shipped','UPS Ground','1','','0000-00-00','credit_card.html','','','Marcel B Manzardo','Visa','2H,>zz{xMs1','|e9)','09','2009','','','','','','','','true','71.116.67.150','MSIE 7.0','false','13.95','0.00','0.00','9.53','0.00','1.70','0.00','0.00','0.00','0.00','25.18'),
('34','1001','1001','1033','','','Pending','2008-01-02','16:46:02','Not Shipped','UPS Ground','1','','0000-00-00','credit_card.html','','','Marcel B Manzardo','Visa','2H,>zz{xMs1','|e9)','09','2009','','','','','','','','true','71.116.67.150','MSIE 7.0','false','13.95','0.00','0.00','9.53','0.00','1.94','0.00','0.00','0.00','0.00','25.42'),
('35','1001','1001','1034','','','Pending','2008-01-02','16:49:42','Not Shipped','UPS Ground','1','','0000-00-00','credit_card.authorizenet.sim.html','','','Marcel B Manzardo','Visa','2H,>zz{xMs1','|e9)','09','2009','','','','','','','','true','64.94.118.195','unknown','false','45.95','0.00','0.00','9.78','0.00','4.04','0.00','0.00','0.00','0.00','59.77'),
('36','1001','1001','1035','','','Pending','2008-01-02','17:57:06','Not Shipped','UPS Ground','1','','0000-00-00','credit_card.authorizenet.sim.html','','','Marcel B Manzardo','Visa','2H,>zz{xMs1','|e9)','09','2009','','','','','','','','true','64.94.118.195','unknown','false','45.95','0.00','0.00','9.78','0.00','4.04','0.00','0.00','0.00','0.00','59.77'),
('37','1001','1001','1036','','','Pending','2008-01-02','18:01:19','Not Shipped','UPS Ground','1','','0000-00-00','credit_card.authorizenet.sim.html','','','Marcel B Manzardo','Visa','2H,>zz{xMs1','|e9)','09','2009','','','','','','','','true','64.94.118.194','unknown','false','91.90','0.00','0.00','10.44','0.00','8.44','0.00','0.00','0.00','0.00','110.78'),
('38','1003','1003','1037','','','Pending','2008-01-02','18:09:12','Not Shipped','UPS Ground','1','','0000-00-00','credit_card.html','','','Marcel B Manzardo','Visa','2H,>zz{xMs1','|e9)','09','2009','','','','','','','','true','71.116.67.150','MSIE 7.0','false','59.90','0.00','0.00','9.78','0.00','0.00','0.00','0.00','0.00','0.00','69.68'),
('39','1001','1001','1038','','','Pending','2008-01-03','11:54:21','Not Shipped','UPS Ground','1','','0000-00-00','mail_in_payment.html','','','','','','','','','','','','','','','','true','71.116.67.150','MSIE 7.0','false','13.95','0.00','0.00','9.53','0.00','1.94','0.00','0.00','0.00','0.00','25.42'),
('40','1001','1001','1039','','','Pending','2008-01-04','15:40:06','Not Shipped','UPS Ground','1','','0000-00-00','credit_card.html','','','Marcel B Manzardo','Visa','2H,>zz{xMs1','|e9)','09','2009','','','','','','','','true','71.116.67.150','MSIE 7.0','false','13.95','0.00','0.00','9.53','0.00','1.70','0.00','0.00','0.00','0.00','25.18'),
('41','1001','1001','1040','','','Pending','2008-01-04','15:43:00','Not Shipped','UPS Ground','1','','0000-00-00','credit_card.authorizenet.sim.html','','','Marcel B Manzardo','Visa','2H,>zz{xMs1','|e9)','09','2009','','','','','','','','true','64.94.118.194','unknown','false','91.90','0.00','0.00','10.44','0.00','7.42','0.00','0.00','0.00','0.00','109.76'),
('42','1004','1004','1041','','','Pending','2008-01-04','15:50:20','Not Shipped','UPS Ground','1','','0000-00-00','credit_card.html','','','Marcel B Manzardo','Visa','2H,>zz{xMs1','|e9)','09','2009','','','','','','','','true','71.116.67.150','MSIE 7.0','false','13.95','0.00','0.00','9.53','0.00','1.70','0.00','0.00','0.00','0.00','25.18'),
('43','1005','1005','1042','','','Pending','2008-01-04','16:04:39','Not Shipped','UPS Ground','1','','0000-00-00','credit_card.authorizenet.sim.html','','','Marcel Manzardo','Visa','2H,>zz{xMs1','|e9)','09','2009','','','','','','','','true','64.94.118.195','unknown','false','13.95','0.00','0.00','9.53','0.00','1.94','0.00','0.00','0.00','0.00','25.42'),
('44','1006','1006','1043','','','Pending','2008-01-04','20:47:07','Not Shipped','UPS Ground','1','','0000-00-00','mail_in_payment.html','','','','','','','','','','','','','','','','true','71.116.67.150','MSIE 7.0','false','59.90','0.00','0.00','9.78','0.00','0.00','0.00','0.00','0.00','0.00','69.68'),
('45','1007','1007','1044','','','Pending','2008-01-08','20:56:26','Not Shipped','UPS Ground','1','','0000-00-00','mail_in_payment.html','','','','','','','','','','','','','','','test','true','71.116.67.150','MSIE 7.0','false','59.90','0.00','0.00','9.78','0.00','6.56','0.00','0.00','0.00','0.00','76.24'),
('46','1001','1001','1045','','','Pending','2008-01-11','17:37:44','Not Shipped','Express Mail','1','','0000-00-00','mail_in_payment.html','','','','','','','','','','','','','','','additional comments field content','true','71.116.67.150','MSIE 7.0','false','45.95','0.00','0.00','30.60','0.00','5.55','0.00','0.00','0.00','0.00','82.10'),
('47','1001','1001','1046','','','Pending','2008-01-11','18:06:37','Not Shipped','Express Mail','1','','0000-00-00','mail_in_payment.html','','','','','','','','','','','','','','','additional customer comment','true','71.116.67.150','MSIE 7.0','false','13.95','0.00','0.00','22.50','0.00','2.64','0.00','0.00','0.00','0.00','39.09'),
('48','1008','1008','1047','','','Pending','2008-01-12','11:20:59','Not Shipped','UPS Ground','1','','0000-00-00','mail_in_payment.html','','','','','','','','','','','','','','','customer comments','true','71.116.67.150','MSIE 7.0','false','13.95','0.00','0.00','9.53','0.00','1.94','0.00','0.00','0.00','0.00','25.42'),
('49','1008','1008','1048','','','Pending','2008-01-12','11:51:16','Not Shipped','Express Mail','1','','0000-00-00','mail_in_payment.html','','','','','','','','','','','','','','','customer comments','true','71.116.67.150','MSIE 7.0','false','13.95','0.00','0.00','22.50','0.00','3.01','0.00','0.00','0.00','0.00','39.46'),
('50','1008','1008','1049','','','Pending','2008-01-12','13:41:59','Not Shipped','UPS Ground','1','','0000-00-00','mail_in_payment.html','','','','','','','','','','','','','','','customer comments','true','71.116.67.150','MSIE 7.0','false','13.95','0.00','0.00','9.53','0.00','1.70','0.00','0.00','0.00','0.00','25.18'),
('51','1008','1008','1050','','','Pending','2008-01-12','14:07:44','Not Shipped','UPS Ground','1','','0000-00-00','mail_in_payment.html','','','','','','','','','','','','','','','customer comments','true','71.116.67.150','MSIE 7.0','false','13.95','0.00','0.00','9.53','0.00','1.70','0.00','0.00','0.00','0.00','25.18'),
('52','1009','1008','1051','','','Pending','2008-01-12','18:06:53','Not Shipped','UPS Ground','1','','0000-00-00','mail_in_payment.html','','','','','','','','','','','','','','','customer comments','true','71.116.67.150','MSIE 7.0','false','139.50','0.00','0.00','12.61','0.00','12.55','0.00','0.00','0.00','0.00','164.66'),
('53','1009','1008','1052','','','Pending','2008-01-12','18:19:47','Not Shipped','UPS Ground','1','','0000-00-00','mail_in_payment.html','','','','','','','','','','','','','','','customer comments','true','71.116.67.150','MSIE 7.0','false','13.95','0.00','0.00','9.53','0.00','1.70','0.00','0.00','0.00','0.00','25.18'),
('54','1009','1008','1053','','','Pending','2008-01-12','18:34:50','Not Shipped','UPS Ground','1','','0000-00-00','mail_in_payment.html','','','','','','','','','','','','','','','customer comments','true','71.116.67.150','MSIE 7.0','false','139.50','0.00','0.00','12.61','0.00','11.03','0.00','0.00','0.00','0.00','163.14'),
('55','1009','1008','1054','','','Pending','2008-01-12','22:52:06','Not Shipped','UPS Ground','1','','0000-00-00','mail_in_payment.html','','','','','','','','','','','','','','','customer comments','true','71.116.67.150','MSIE 7.0','false','27.90','0.00','0.00','9.61','0.00','2.72','0.00','0.00','0.00','0.00','40.23'),
('56','1010','1009','1055','','','Pending','2008-01-13','17:46:14','Not Shipped','UPS Ground','1','','0000-00-00','mail_in_payment.html','','','','','','','','','','','','','','','','true','71.116.67.150','MSIE 7.0','false','13.95','0.00','0.00','9.53','0.00','1.94','0.00','0.00','0.00','0.00','25.42'),
('57','1010','1009','1056','','','Pending','2008-01-14','09:51:31','Not Shipped','Express Mail','1','','0000-00-00','mail_in_payment.html','','','','','','','','','','','','','','','','true','71.116.67.150','MSIE 7.0','false','139.50','0.00','0.00','46.10','0.00','13.46','0.00','0.00','0.00','0.00','199.06'),
('58','1010','1009','1057','','','Pending','2008-01-14','10:12:02','Not Shipped','UPS Ground','1','','0000-00-00','mail_in_payment.html','','','','','','','','','','','','','','','','true','71.116.67.150','MSIE 7.0','false','1058.50','0.00','0.00','40.08','0.00','93.94','0.00','0.00','0.00','0.00','1192.52'),
('59','1011','1010','1058','','','Pending','2008-01-14','17:08:48','Not Shipped','UPS Ground','1','','0000-00-00','mail_in_payment.html','','','','','','','','','','','','','','','','true','71.116.67.150','MSIE 7.0','false','13.95','0.00','0.00','9.53','0.00','1.70','0.00','0.00','0.00','0.00','25.18'),
('60','1001','1001','1059','','','Pending','2008-01-15','11:58:41','Not Shipped','UPS Ground','1','','0000-00-00','mail_in_payment.html','','','','','','','','','','','','','','','','true','71.116.67.150','MSIE 7.0','false','1275.00','0.00','0.00','50.28','0.00','96.08','0.00','0.00','0.00','0.00','1421.36'),
('61','1001','1001','1060','','','Pending','2008-01-16','23:23:30','Not Shipped','UPS Ground','1','','0000-00-00','mail_in_payment.html','','','','','','','','','','','','','','','','true','71.116.67.150','MSIE 7.0','false','15.95','0.00','0.00','9.61','0.00','1.85','0.00','0.00','0.00','0.00','27.41'),
('62','1001','1001','1061','','','Pending','2008-01-17','23:17:42','Not Shipped','UPS Ground','1','','0000-00-00','mail_in_payment.html','','','','','','','','','','','','','','','','true','71.116.67.150','MSIE 7.0','false','118.45','0.00','0.00','11.58','0.00','5.56','0.00','0.00','0.00','0.00','135.59'),
('63','1012','1012','1062','','','Pending','2008-01-18','10:33:47','Not Shipped','UPS Ground','1','','0000-00-00','mail_in_payment.html','','','','','','','','','','','','','','','','true','71.116.67.150','MSIE 7.0','false','13.95','0.00','0.00','9.53','0.00','1.94','0.00','0.00','0.00','0.00','25.42'),
('64','1013','1013','1063','','','Pending','2008-01-18','11:05:12','Not Shipped','UPS Ground','1','','0000-00-00','mail_in_payment.html','','','','','','','','','','','','','','','','true','71.116.67.150','FIREFOX 2.0.','false','134.75','0.00','0.00','12.61','0.00','12.16','0.00','0.00','0.00','0.00','159.52'),
('65','1013','1013','1064','','','Pending','2008-01-18','11:07:54','Not Shipped','UPS Ground','1','','0000-00-00','mail_in_payment.html','','','','','','','','','','','','','','','','true','71.116.67.150','FIREFOX 2.0.','false','13.95','0.00','0.00','9.53','0.00','1.94','0.00','0.00','0.00','0.00','25.42'),
('66','1014','1014','1065','','','Pending','2008-01-18','11:13:33','Not Shipped','UPS Ground','1','','0000-00-00','mail_in_payment.html','','','','','','','','','','','','','','','','true','71.116.67.150','FIREFOX 2.0.','false','26.95','0.00','0.00','9.61','0.00','3.02','0.00','0.00','0.00','0.00','39.58'),
('67','1015','1015','1066','','','Pending','2008-01-18','11:49:17','Not Shipped','UPS Ground','1','','0000-00-00','mail_in_payment.html','','','','','','','','','','','','','','','','true','71.116.67.150','FIREFOX 2.0','false','134.75','0.00','0.00','12.61','0.00','12.16','0.00','0.00','0.00','0.00','159.52'),
('68','1001','1001','1067','','','Pending','2008-01-19','11:02:23','Not Shipped','UPS Ground','1','','0000-00-00','mail_in_payment.html','','','','','','','','','','','','','','','','true','71.116.67.150','MSIE 7.0','false','0.20','0.00','0.00','9.53','0.00','0.80','0.00','0.00','0.00','0.00','10.53'),
('69','1016','1016','1068','','','Pending','2008-01-20','20:19:11','Not Shipped','UPS Ground','1','','0000-00-00','mail_in_payment.html','','','','','','','','','','','','','','','','true','71.116.67.150','MSIE 7.0','false','25.90','0.00','0.00','9.78','0.00','2.94','0.00','0.00','0.00','0.00','38.62'),
('70','1016','1016','72695512944','','','Pending','2008-01-20','20:37:52','Not Shipped','UPS Ground','1','','0000-00-00','mail_in_payment.html','','','','','','','','','','','','','','','','true','71.116.67.150','MSIE 7.0','false','25.90','0.00','0.00','9.78','0.00','2.59','0.00','0.00','0.00','0.00','38.27'),
('71','1016','1016','72695512945','','','Pending','2008-01-20','21:12:00','Not Shipped','UPS Ground','1','','0000-00-00','mail_in_payment.html','','','','','','','','','','','','','','','','true','71.116.67.150','MSIE 7.0','false','10.45','0.00','0.00','9.53','0.00','1.45','0.00','0.00','0.00','0.00','21.43'),
('72','1001','1001','72695512946','','','Pending','2008-01-20','21:48:19','Not Shipped','UPS Ground','1','','0000-00-00','mail_in_payment.html','','','','','','','','','','','','','','','','true','71.116.67.150','MSIE 7.0','false','139.50','0.00','0.00','12.61','0.00','12.55','0.00','0.00','0.00','0.00','164.66'),
('73','1017','1017','72695512947','','','Pending','2008-01-21','10:02:59','Not Shipped','UPS Ground','1','','0000-00-00','mail_in_payment.html','','','','','','','','','','','','','','','','true','71.116.67.150','MSIE 7.0','false','39.90','0.00','0.00','9.65','0.00','4.09','0.00','0.00','0.00','0.00','53.64'),
('74','1017','1017','72695512948','','','Pending','2008-01-21','10:03:19','Not Shipped','UPS Ground','1','','0000-00-00','mail_in_payment.html','','','','','','','','','','','','','','','','true','71.116.67.150','MSIE 7.0','false','39.90','0.00','0.00','9.65','0.00','4.09','0.00','0.00','0.00','0.00','53.64'),
('75','1017','1017','72695512949','','','Pending','2008-01-21','10:04:25','Not Shipped','UPS Ground','1','','0000-00-00','mail_in_payment.html','','','','','','','','','','','','','','','','true','71.116.67.150','MSIE 7.0','false','39.90','0.00','0.00','9.65','0.00','4.09','0.00','0.00','0.00','0.00','53.64'),
('76','1017','1017','72695512950','','','Pending','2008-01-21','10:07:41','Not Shipped','UPS Ground','1','','0000-00-00','mail_in_payment.html','','','','','','','','','','','','','','','','true','71.116.67.150','MSIE 7.0','false','39.90','0.00','0.00','9.65','0.00','3.59','0.00','0.00','0.00','0.00','53.14'),
('77','1017','1017','72695512951','','','Pending','2008-01-21','10:09:26','Not Shipped','UPS Ground','1','','0000-00-00','mail_in_payment.html','','','','','','','','','','','','','','','','true','71.116.67.150','MSIE 7.0','false','39.90','0.00','0.00','9.65','0.00','4.09','0.00','0.00','0.00','0.00','53.64'),
('78','1017','1017','72695512952','','','Pending','2008-01-21','10:12:41','Not Shipped','UPS Ground','1','','0000-00-00','mail_in_payment.html','','','','','','','','','','','','','','','','true','71.116.67.150','MSIE 7.0','false','13.95','0.00','0.00','9.53','0.00','1.94','0.00','0.00','0.00','0.00','25.42'),
('79','1017','1017','72695512953','','','Pending','2008-01-21','10:14:58','Not Shipped','UPS Ground','1','','0000-00-00','mail_in_payment.html','','','','','','','','','','','','','','','','true','71.116.67.150','MSIE 7.0','false','13.95','0.00','0.00','9.53','0.00','1.94','0.00','0.00','0.00','0.00','25.42'),
('80','1017','1017','72695512954','','','Pending','2008-01-21','10:18:01','Not Shipped','UPS Ground','1','','0000-00-00','mail_in_payment.html','','','','','','','','','','','','','','','','true','71.116.67.150','MSIE 7.0','false','13.95','0.00','0.00','9.53','0.00','1.94','0.00','0.00','0.00','0.00','25.42'),
('81','1017','1017','72695512955','','','Pending','2008-01-21','10:23:30','Not Shipped','UPS Ground','1','','0000-00-00','mail_in_payment.html','','','','','','','','','','','','','','','','true','71.116.67.150','MSIE 7.0','false','13.95','0.00','0.00','9.53','0.00','1.94','0.00','0.00','0.00','0.00','25.42'),
('82','1017','1017','72695512956','','','Pending','2008-01-21','11:01:23','Not Shipped','UPS Ground','1','','0000-00-00','mail_in_payment.html','','','','','','','','','','','','','','','','true','71.116.67.150','MSIE 7.0','false','13.95','0.00','0.00','9.53','0.00','1.94','0.00','0.00','0.00','0.00','25.42'),
('83','1017','1017','72695512957','','','Pending','2008-01-21','11:05:44','Not Shipped','UPS Ground','1','','0000-00-00','mail_in_payment.html','','','','','','','','','','','','','','','','true','71.116.67.150','MSIE 7.0','false','13.95','0.00','0.00','9.53','0.00','1.94','0.00','0.00','0.00','0.00','25.42'),
('84','1017','1017','72695512958','','','Pending','2008-01-21','11:09:12','Not Shipped','UPS Ground','1','','0000-00-00','mail_in_payment.html','','','','','','','','','','','','','','','','true','71.116.67.150','MSIE 7.0','false','13.95','0.00','0.00','9.53','0.00','1.70','0.00','0.00','0.00','0.00','25.18'),
('85','1001','1001','12395512959','','','Pending','2008-01-22','09:18:00','Not Shipped','Express Mail','1','','0000-00-00','mail_in_payment.html','','','','','','','','','','','','','','','','true','71.116.67.150','MSIE 7.0','false','59.90','0.00','0.00','39.90','0.00','10.12','0.00','0.00','0.00','0.00','109.92'),
('86','1001','1001','72695512960','','','Pending','2008-01-22','11:18:55','Not Shipped','Express Mail','1','','0000-00-00','mail_in_payment.html','','','','','','','','','','','','','','','','true','71.116.67.150','MSIE 7.0','false','275.70','0.00','0.00','74.05','0.00','30.73','0.00','0.00','0.00','0.00','380.48'),
('87','1001','1001','1','','','Pending','2008-01-22','12:05:06','Not Shipped','Express Mail','1','','0000-00-00','mail_in_payment.html','','','','','','','','','','','','','','','','true','71.116.67.150','MSIE 7.0','false','10.45','0.00','0.00','22.50','0.00','2.39','0.00','0.00','0.00','0.00','35.34'),
('88','1001','1001','72695512962','','','Pending','2008-01-22','12:09:15','Not Shipped','UPS Ground','1','','0000-00-00','mail_in_payment.html','','','','','','','','','','','','','','','','true','71.116.67.150','MSIE 7.0','false','27.90','0.00','0.00','9.61','0.00','2.72','0.00','0.00','0.00','0.00','40.23'),
('89','1001','1001','1','','','Pending','2008-01-22','12:13:49','Not Shipped','UPS Ground','1','','0000-00-00','mail_in_payment.html','','','','','','','','','','','','','','','','true','71.116.67.150','MSIE 7.0','false','134.75','0.00','0.00','12.61','0.00','10.68','0.00','0.00','0.00','0.00','158.04'),
('90','1001','1001','72695512963','','','Pending','2008-01-22','12:22:28','Not Shipped','UPS Ground','1','','0000-00-00','mail_in_payment.html','','','','','','','','','','','','','','','','true','71.116.67.150','FIREFOX 2.0.','false','10.45','0.00','0.00','9.53','0.00','1.45','0.00','0.00','0.00','0.00','21.43'),
('91','1018','1018','72695512964','','','Pending','2008-01-22','15:31:49','Not Shipped','UPS Ground','1','','0000-00-00','mail_in_payment.html','','','','','','','','','','','','','','','','true','71.116.67.150','MSIE 7.0','false','1608.25','0.00','0.00','74.09','0.00','132.72','0.00','0.00','0.00','0.00','1815.06'),
('92','1018','1018','72695512965','','','Pending','2008-01-22','15:36:14','Not Shipped','UPS Ground','1','','0000-00-00','mail_in_payment.html','','','','','','','','','','','','','','','','true','71.116.67.150','MSIE 7.0','false','1608.25','0.00','0.00','74.09','0.00','132.72','0.00','0.00','0.00','0.00','1815.06'),
('93','1019','1018','72695512966','','','Pending','2008-01-22','15:51:02','Not Shipped','UPS Ground','1','','0000-00-00','mail_in_payment.html','','','','','','','','','','','','','','','','true','71.116.67.150','MSIE 7.0','false','1148.75','0.00','0.00','47.92','0.00','93.71','0.00','0.00','0.00','0.00','1290.38'),
('94','1020','1018','72695512967','','','Pending','2008-01-22','16:05:13','Not Shipped','UPS Ground','1','','0000-00-00','mail_in_payment.html','','','','','','','','','','','','','','','','true','71.116.67.150','MSIE 7.0','false','459.50','0.00','0.00','18.21','0.00','34.63','0.00','0.00','0.00','0.00','512.34'),
('95','1020','1018','72695512968','','','Pending','2008-01-22','16:17:05','Not Shipped','UPS Ground','1','','0000-00-00','mail_in_payment.html','','','','','','','','','','','','','','','','true','71.116.67.150','MSIE 7.0','false','459.50','0.00','0.00','18.21','0.00','34.63','0.00','0.00','0.00','0.00','512.34'),
('96','1021','1018','72695512969','','','Pending','2008-01-22','16:22:22','Not Shipped','UPS Ground','1','','0000-00-00','mail_in_payment.html','','','','','','','','','','','','','','','','true','71.116.67.150','MSIE 7.0','false','459.50','0.00','0.00','18.21','0.00','34.63','0.00','0.00','0.00','0.00','512.34'),
('97','1021','1018','72695512970','','','Pending','2008-01-22','18:27:08','Not Shipped','UPS Ground','1','','0000-00-00','mail_in_payment.html','','','','','','','','','','','','','','','','true','71.116.67.150','MSIE 7.0','false','459.50','0.00','0.00','18.21','0.00','34.63','0.00','0.00','0.00','0.00','512.34'),
('98','1022','1018','72695512971','','','Pending','2008-01-22','18:32:59','Not Shipped','UPS Ground','1','','0000-00-00','mail_in_payment.html','','','','','','','','','','','','','','','','true','71.116.67.150','MSIE 7.0','false','459.50','0.00','0.00','18.21','0.00','34.63','0.00','0.00','0.00','0.00','512.34'),
('99','1022','1018','72695512972','','','Pending','2008-01-22','19:38:43','Not Shipped','UPS Ground','1','','0000-00-00','mail_in_payment.html','','','','','','','','','','','','','','','','true','71.116.67.150','MSIE 7.0','false','459.50','0.00','0.00','18.21','0.00','34.63','0.00','0.00','0.00','0.00','512.34'),
('100','1023','1018','72695512973','','','Pending','2008-01-22','19:44:50','Not Shipped','UPS Ground','1','','0000-00-00','mail_in_payment.html','','','','','','','','','','','','','','','','true','71.116.67.150','MSIE 7.0','false','459.50','0.00','0.00','18.21','0.00','34.63','0.00','0.00','0.00','0.00','512.34'),
('101','1024','1018','72695512974','','','Pending','2008-01-22','21:10:41','Not Shipped','UPS Ground','1','','0000-00-00','mail_in_payment.html','','','','','','','','','','','','','','','','true','71.116.67.150','MSIE 7.0','false','919.00','0.00','0.00','25.92','0.00','70.38','0.00','0.00','0.00','0.00','1015.30'),
('102','1025','1018','72695512975','','','Pending','2008-01-22','21:26:11','Not Shipped','UPS Ground','1','','0000-00-00','mail_in_payment.html','','','','','','','','','','','','','','','','true','71.116.67.150','MSIE 7.0','false','964.95','0.00','0.00','35.46','0.00','88.38','0.00','0.00','0.00','0.00','1088.79'),
('103','1025','1018','72695512976','','','Pending','2008-01-22','21:34:11','Not Shipped','UPS Ground','1','','0000-00-00','mail_in_payment.html','','','','','','','','','','','','','','','','true','71.116.67.150','MSIE 7.0','false','964.95','0.00','0.00','35.46','0.00','77.66','0.00','0.00','0.00','0.00','1078.07'),
('104','1025','1018','72695512977','','','Pending','2008-01-22','21:38:48','Not Shipped','UPS Ground','1','','0000-00-00','mail_in_payment.html','','','','','','','','','','','','','','','','true','71.116.67.150','MSIE 7.0','false','964.95','0.00','0.00','35.46','0.00','77.66','0.00','0.00','0.00','0.00','1078.07'),
('105','1025','1018','72695512978','','','Pending','2008-01-22','21:49:30','Not Shipped','UPS Ground','1','','0000-00-00','mail_in_payment.html','','','','','','','','','','','','','','','','true','71.116.67.150','MSIE 7.0','false','919.00','0.00','0.00','25.92','0.00','70.38','0.00','0.00','0.00','0.00','1015.30'),
('106','1025','1018','72695512979','','','Pending','2008-01-22','21:59:19','Not Shipped','UPS Ground','1','','0000-00-00','mail_in_payment.html','','','','','','','','','','','','','','','','true','71.116.67.150','MSIE 7.0','false','919.00','0.00','0.00','25.92','0.00','70.38','0.00','0.00','0.00','0.00','1015.30'),
('107','1025','1018','72695512980','','','Pending','2008-01-22','22:32:52','Not Shipped','UPS Ground','1','','0000-00-00','mail_in_payment.html','','','','','','','','','','','','','','','','true','71.116.67.150','MSIE 7.0','false','919.00','0.00','0.00','25.92','0.00','70.38','0.00','0.00','0.00','0.00','1015.30'),
('108','1025','1018','72695512981','','','Pending','2008-01-22','22:46:22','Not Shipped','UPS Ground','1','','0000-00-00','mail_in_payment.html','','','','','','','','','','','','','','','','true','71.116.67.150','MSIE 7.0','false','919.00','0.00','0.00','25.92','0.00','70.38','0.00','0.00','0.00','0.00','1015.30'),
('109','1025','1018','72695512982','','','Pending','2008-01-22','22:49:45','Not Shipped','UPS Ground','1','','0000-00-00','mail_in_payment.html','','','','','','','','','','','','','','','','true','71.116.67.150','MSIE 7.0','false','919.00','0.00','0.00','25.92','0.00','70.38','0.00','0.00','0.00','0.00','1015.30'),
('110','1025','1018','72695512983','','','Pending','2008-01-22','22:55:40','Not Shipped','UPS Ground','1','','0000-00-00','mail_in_payment.html','','','','','','','','','','','','','','','','true','71.116.67.150','MSIE 7.0','false','919.00','0.00','0.00','25.92','0.00','70.38','0.00','0.00','0.00','0.00','1015.30'),
('111','1025','1018','72695512984','','','Pending','2008-01-22','23:03:33','Not Shipped','UPS Ground','1','','0000-00-00','mail_in_payment.html','','','','','','','','','','','','','','','','true','71.116.67.150','MSIE 7.0','false','919.00','0.00','0.00','25.92','0.00','70.38','0.00','0.00','0.00','0.00','1015.30'),
('112','1001','1001','72695512985','','','Pending','2008-01-23','08:13:25','Not Shipped','UPS Ground','1','','0000-00-00','mail_in_payment.html','','','','','','','','','','','','','','','','true','71.116.67.150','MSIE 7.0','false','10.00','0.00','0.00','11.01','0.00','2.64','0.00','0.00','0.00','0.00','23.65'),
('113','1001','1001','72695512986','','','Pending','2008-01-23','08:46:40','Not Shipped','UPS Ground','1','','0000-00-00','mail_in_payment.html','','','','','','','','','','','','','','','','true','71.116.67.150','MSIE 7.0','false','10.45','0.00','0.00','9.53','0.00','1.45','0.00','0.00','0.00','0.00','21.43'),
('114','1001','1001','72695512987','','','Pending','2008-01-23','08:47:33','Not Shipped','UPS Ground','1','','0000-00-00','mail_in_payment.html','','','','','','','','','','','','','','','','true','71.116.67.150','MSIE 7.0','false','10.45','0.00','0.00','9.53','0.00','1.45','0.00','0.00','0.00','0.00','21.43'),
('115','1001','1001','72695512988','','','Pending','2008-01-23','10:53:03','Not Shipped','UPS Ground','1','','0000-00-00','mail_in_payment.html','','','','','','','','','','','','','','','','true','71.116.67.150','MSIE 7.0','false','919.00','0.00','0.00','25.92','0.00','80.10','0.00','0.00','0.00','0.00','1025.02'),
('116','1001','1001','72695512989','','','Pending','2008-01-23','10:59:56','Not Shipped','UPS Ground','1','','0000-00-00','mail_in_payment.html','','','','','','','','','','','','','','','','true','71.116.67.150','MSIE 7.0','false','919.00','0.00','0.00','25.92','0.00','70.38','0.00','0.00','0.00','0.00','1015.30'),
('117','1001','1001','72695512990','','','Pending','2008-01-23','11:00:13','Not Shipped','UPS Ground','1','','0000-00-00','mail_in_payment.html','','','','','','','','','','','','','','','','true','71.116.67.150','MSIE 7.0','false','919.00','0.00','0.00','25.92','0.00','70.38','0.00','0.00','0.00','0.00','1015.30'),
('118','1001','1001','72695512991','','','Pending','2008-01-23','11:01:23','Not Shipped','UPS Ground','1','','0000-00-00','mail_in_payment.html','','','','','','','','','','','','','','','','true','71.116.67.150','MSIE 7.0','false','919.00','0.00','0.00','25.92','0.00','70.38','0.00','0.00','0.00','0.00','1015.30'),
('119','1001','1001','72695512992','','','Pending','2008-01-23','11:18:25','Not Shipped','UPS Ground','1','','0000-00-00','mail_in_payment.html','','','','','','','','','','','','','','','','true','71.116.67.150','MSIE 7.0','false','919.00','0.00','0.00','25.92','0.00','70.38','0.00','0.00','0.00','0.00','1015.30'),
('120','1001','1001','72695512993','','','Pending','2008-01-23','11:21:30','Not Shipped','UPS Ground','1','','0000-00-00','mail_in_payment.html','','','','','','','','','','','','','','','','true','71.116.67.150','MSIE 7.0','false','964.95','0.00','0.00','35.46','0.00','77.66','0.00','0.00','0.00','0.00','1078.07'),
('121','1001','1001','72695512994','','','Pending','2008-01-23','14:37:19','Not Shipped','UPS Ground','1','','0000-00-00','mail_in_payment.html','','','','','','','','','','','','','','','','true','71.116.67.150','MSIE 7.0','false','964.95','0.00','0.00','35.46','0.00','88.38','0.00','0.00','0.00','0.00','1088.79'),
('122','1001','1001','72695512995','','','Pending','2008-01-23','15:12:16','Not Shipped','UPS Ground','1','','0000-00-00','mail_in_payment.html','','','','','','','','','','','','','','','','true','71.116.67.150','MSIE 7.0','false','919.00','0.00','0.00','25.92','0.00','70.38','0.00','0.00','0.00','0.00','1015.30'),
('123','1001','1001','72695512996','','','Pending','2008-01-23','15:32:32','Not Shipped','UPS Ground','1','','0000-00-00','mail_in_payment.html','','','','','','','','','','','','','','','','true','71.116.67.150','MSIE 7.0','false','919.00','0.00','0.00','25.92','0.00','70.38','0.00','0.00','0.00','0.00','1015.30'),
('124','1001','1001','72695512997','','','Pending','2008-01-23','15:53:50','Not Shipped','UPS Ground','1','','0000-00-00','mail_in_payment.html','','','','','','','','','','','','','','','','true','71.116.67.150','MSIE 7.0','false','919.00','0.00','0.00','25.92','0.00','70.38','0.00','0.00','0.00','0.00','1015.30'),
('125','1001','1001','72695512998','','','Pending','2008-01-23','16:23:42','Not Shipped','UPS Ground','1','','0000-00-00','mail_in_payment.html','','','','','','','','','','','','','','','','true','71.116.67.150','MSIE 7.0','false','919.00','0.00','0.00','25.92','0.00','70.38','0.00','0.00','0.00','0.00','1015.30'),
('126','1001','1019','72695512999','','','Pending','2008-01-23','16:30:36','Not Shipped','UPS Ground','1','','0000-00-00','mail_in_payment.html','','','','','','','','','','','','','','','','true','71.116.67.150','MSIE 7.0','false','919.00','0.00','0.00','25.92','0.00','70.38','0.00','0.00','0.00','0.00','1015.30'),
('127','1001','1019','72695513000','','','Pending','2008-01-23','16:33:31','Not Shipped','UPS Ground','1','','0000-00-00','mail_in_payment.html','','','','','','','','','','','','','','','','true','71.116.67.150','MSIE 7.0','false','1010.90','0.00','0.00','38.48','0.00','78.87','0.00','0.00','0.00','0.00','1128.25'),
('128','1001','1001','72695513001','','','Pending','2008-01-23','20:10:22','Not Shipped','UPS Ground','1','','0000-00-00','mail_in_payment.html','','','','','','','','','','','','','','','','true','71.116.67.150','MSIE 7.0','false','13.95','0.00','0.00','9.53','0.00','1.94','0.00','0.00','0.00','0.00','25.42'),
('129','1001','1001','72695513002','','','Pending','2008-01-24','19:40:22','Not Shipped','UPS Ground','1','','0000-00-00','mail_in_payment.html','','','','','','','','','','','','','','','','true','71.116.67.150','MSIE 7.0','false','100.90','0.00','0.00','12.24','0.00','9.09','0.00','0.00','0.00','0.00','122.23'),
('130','1001','1019','72695513003','','','Pending','2008-01-24','19:50:25','Not Shipped','UPS Ground','1','','0000-00-00','mail_in_payment.html','','','','','','','','','','','','','','','','true','71.116.67.150','MSIE 7.0','false','24.40','0.00','0.00','9.53','0.00','3.15','0.00','0.00','0.00','0.00','37.08'),
('131','1001','1019','72695513004','','','Pending','2008-01-24','19:52:48','Not Shipped','UPS Ground','1','','0000-00-00','mail_in_payment.html','','','','','','','','','','','','','','','','true','71.116.67.150','MSIE 7.0','false','10.45','0.00','0.00','9.53','0.00','1.45','0.00','0.00','0.00','0.00','21.43'),
('132','1001','1019','72695513005','','','Pending','2008-01-24','19:57:59','Not Shipped','UPS Ground','1','','0000-00-00','mail_in_payment.html','','','','','','','','','','','','','','','','true','71.116.67.150','MSIE 7.0','false','109.90','0.00','0.00','12.24','0.00','8.86','0.00','0.00','0.00','0.00','131.00'),
('133','1001','1001','72695513006','','zimbabwe','Pending','2008-01-25','17:17:37','Not Shipped','UPS 3-day select','1','','0000-00-00','mail_in_payment.html','','','','','','','','','','','','','','','','true','71.139.193.199','MSIE 7.0','false','329.70','0.00','0.00','0.00','0.00','34.28','0.00','0.00','0.00','0.00','363.98'),
('134','1002','1020','72695513007','','','Pending','2008-01-26','18:03:16','Not Shipped','UPS Ground','1','','0000-00-00','mail_in_payment.html','','','','','','','','','','','','','','','','true','71.116.67.150','MSIE 7.0','false','45.95','0.00','0.00','9.78','0.00','4.60','0.00','0.00','0.00','0.00','60.33') ON DUPLICATE KEY UPDATE `orid` = LAST_INSERT_ID(`orid`);
TRUNCATE `payment_gateway_details`;
OPTIMIZE TABLE `payment_gateway_details`;
INSERT INTO `payment_gateway_details` (`pgdid`,`pgid`,`section`,`sequence`,`key`,`value`) VALUES ('1','1','fields','0','merchant_id','273843584204124'),
('2','1','fields','0','merchant_key','EZH-3BPUZcuVuPH7IA9L0w'),
('3','1','fields','0','server_type','checkout'),
('4','1','fields','0','currency_symbol','USD'),
('5','1','fields','0','allowed_shipping_areas','CONTINENTAL_48'),
('6','1','fields','0','tax_shipping','true'),
('7','1','fields','0','checkout_button_size','medium'),
('86','3','fields','3','send_aggregate_amount','false'),
('85','3','fields','2','currency_code','USD'),
('84','3','fields','1','post_url','https://www.paypal.com/cgi-bin/webscr'),
('83','3','fields','0','business',''),
('81','2','fields','8','x_Currency_Code','USD'),
('82','2','fields','9','use_AIM_Method','false'),
('80','2','fields','7','x_Submission_URL','https://secure.authorize.net/gateway/transact.dll'),
('79','2','fields','6','x_Test_Request','false'),
('77','2','fields','4','x_Email_Customer','false'),
('78','2','fields','5','x_Email_Merchant','true'),
('76','2','fields','3','x_Type','AUTH_ONLY'),
('75','2','fields','2','x_Merchant_Email','info@discsox.com'),
('74','2','fields','1','x_Tran_Key','4d4s95evn735BCPS'),
('73','2','fields','0','x_Login','waen8e9v'),
('89','3','fields','6','allow_pending_payments','true'),
('90','3','fields','7','cmd','_cart'),
('91','3','fields','8','redirect_cmd','_xclick'),
('92','3','fields','9','upload','1'),
('93','3','fields','10','no_intl','1'),
('94','3','fields','11','valid_IPN_result','Completed'),
('95','4','fields','0','instId','your account install ID'),
('96','4','fields','1','currency','USD'),
('97','4','fields','2','testMode','0'),
('98','4','fields','3','authMode','A'),
('99','4','fields','4','accId',''),
('100','4','fields','5','resultFile',''),
('101','5','fields','0','merchantid',''),
('102','5','fields','1','licencekey',''),
('103','5','fields','2','post_url','https://secure.payoffshore.com/ecom/api.xml'),
('104','5','fields','3','currency_code','GBP'),
('105','5','fields','4','test_mode','false'),
('106','6','fields','0','store_number','your linkpoint store number'),
('107','6','fields','1','order_type','SALE or PREAUTH'),
('108','6','fields','2','transaction_type','LIVE'),
('109','6','fields','3','debug','false'),
('110','9','fields','2','currency_code','USD'),
('111','9','fields','1','transaction_type','sale'),
('112','9','fields','0','source_key',''),
('113','9','fields','3','test_mode','false'),
('114','8','fields','0','account_id','your ezic account id'),
('115','8','fields','1','site_tag','your $gateway site tag'),
('116','8','fields','2','transaction_type','SALE'),
('117','9','fields','0','account_id','your fasttransact account id'),
('118','9','fields','1','site_tag','your $gateway site tag'),
('119','9','fields','2','transaction_type','SALE'),
('120','10','fields','0','account_id','your netbilling account id'),
('121','10','fields','1','site_tag','your $gateway site tag'),
('122','10','fields','2','transaction_type','SALE'),
('123','11','fields','0','Vendor','Your Protx Vendor Login Name'),
('124','11','fields','1','ClientNumber','1'),
('125','11','fields','2','TxType','PAYMENT'),
('126','11','fields','3','VPSProtocol','2.22'),
('127','11','fields','4','post_url','https://ukvps.protx.com/VSPDirectAuth/PaymentGateway3D.asp'),
('128','11','fields','5','Currency','GBP'),
('129','11','fields','6','test_mode','false'),
('130','12','fields','0','ssl_merchant_id','your viaklix merchant id'),
('131','12','fields','1','ssl_user_id','your viaklix user id'),
('132','12','fields','2','ssl_pin','your viaklix PIN'),
('133','12','fields','3','post_url','https://www2.viaklix.com/process.asp'),
('134','12','fields','4','ssl_transaction_type','SALE'),
('135','12','fields','5','currency_code','USD'),
('136','12','fields','6','test_mode','false'),
('137','13','fields','0','username',''),
('138','13','fields','1','password',''),
('139','13','fields','2','vendor',''),
('140','13','fields','3','partner','Verisign'),
('141','13','fields','4','transaction_type','Sale'),
('142','13','fields','5','test_mode','false') ON DUPLICATE KEY UPDATE `pgdid` = LAST_INSERT_ID(`pgdid`);
TRUNCATE `payment_gateways`;
OPTIMIZE TABLE `payment_gateways`;
INSERT INTO `payment_gateways` (`pgid`,`gateway_name`,`active`,`debug`,`related_payment_form`) VALUES ('1','google checkout','false','false','mail_in_payment.html'),
('2','authorizenet','true','false','credit_card.authorizenet.sim.html'),
('3','paypal','false','false','mail_in_payment.html'),
('4','worldpay','false','false','none'),
('5','payoffshore','false','false','mail_in_payment.html'),
('6','linkpoint','false','false','mail_in_payment.html'),
('7','usaepay','false','false','mail_in_payment.html'),
('8','ezic','false','false','mail_in_payment.html'),
('9','fasttransact','false','false','mail_in_payment.html'),
('10','netbilling','false','false','mail_in_payment.html'),
('11','protx','false','false','mail_in_payment.html'),
('12','viaklix','false','false','mail_in_payment.html'),
('13','verisign_pro','false','false','mail_in_payment.html') ON DUPLICATE KEY UPDATE `pgid` = LAST_INSERT_ID(`pgid`);
TRUNCATE `payment_methods`;
OPTIMIZE TABLE `payment_methods`;
INSERT INTO `payment_methods` (`pmid`,`method`,`active`) VALUES ('1','credit_card.authorizenet.sim.html','true'),
('2','mail_in_payment.html','true') ON DUPLICATE KEY UPDATE `pmid` = LAST_INSERT_ID(`pmid`);
TRUNCATE `paypal`;
OPTIMIZE TABLE `paypal`;
TRUNCATE `product_categories`;
OPTIMIZE TABLE `product_categories`;
INSERT INTO `product_categories` (`pcid`,`pid`,`catid`) VALUES ('20','5','9'),
('21','6','9'),
('22','7','9'),
('23','8','9'),
('42','9','6'),
('66','10','6'),
('24','11','4'),
('51','12','7'),
('37','13','7'),
('30','14','4'),
('32','15','4'),
('47','16','10'),
('65','10','4'),
('25','11','7'),
('50','12','4'),
('36','13','4'),
('31','14','7'),
('33','15','6'),
('41','9','4'),
('45','17','9'),
('46','18','9'),
('44','19','9'),
('52','20','9'),
('67','21','19'),
('71','22','19'),
('72','23','9'),
('73','24','9'),
('74','25','9'),
('75','26','9'),
('75','27','9'),
('75','28','9'),
('75','29','9') ON DUPLICATE KEY UPDATE `pcid` = LAST_INSERT_ID(`pcid`);
TRUNCATE `product_custom`;
OPTIMIZE TABLE `product_custom`;
INSERT INTO `product_custom` (`customid`,`custom_pid`,`user_1`,`user_2`,`user_3`,`user_4`,`options`,`detail_page_title`,`detail_meta_keywords`,`detail_meta_description`) VALUES ('8','9','','','','','','','',''),
('9','10','','','','','','','',''),
('10','11','','','','','','','',''),
('11','12','','','','','','','',''),
('12','13','','','','','','','',''),
('13','14','','','','','','','',''),
('14','15','','','','','','','',''),
('15','8','','','','','','','',''),
('16','18','','','','','','','',''),
('17','17','','','','','','','',''),
('18','16','','','','','','','',''),
('19','21','','','','','','','',''),
('20','22','','','','','','','','') ON DUPLICATE KEY UPDATE `customid` = LAST_INSERT_ID(`customid`);
TRUNCATE `product_edit`;
OPTIMIZE TABLE `product_edit`;
INSERT INTO `product_edit` (`peid`,`related_table`,`key`,`value`) VALUES ('1','options','add_text','- Add'),
('2','options','autofill_text','true'),
('3','options','option_rows','5') ON DUPLICATE KEY UPDATE `peid` = LAST_INSERT_ID(`peid`);
TRUNCATE `product_import`;
OPTIMIZE TABLE `product_import`;
INSERT INTO `product_import` (`sku`,`category`,`price`,`name`,`description`,`fullsize_image`,`thumbnail_image`,`size`,`weight`,`link_page`,`link_text`,`user_1`,`user_2`,`user_3`,`user_4`,`options`) VALUES ('Product_Id','Category','Price','Name','Description','Fullsize_Image','Thumbnail_Image','Size','Weight','Link_Page','Link_Label','USER1','USER2','USER3','USER4','Option_FileName'),
('25PC','Sleeves','1:10.45,21:9.75,41:8.95,100:8.5','DiscSox Classic2 - 25 Pack','DiscSox Classic CD storage sleeves hold the booklet and up to 2 CDs or 1 CD and 1 DualDisc!','classic.gif','classic_small.gif','5 1/8 x 5 (width x height)','0.6','../products/classic-sleeve.htm','More Info','','','','',''),
('25PCDP','Sleeves','1:13.95,21:12.95,41:11.95,100:11.35','DiscSox CD Pro - 25 Pack','The only sleeve on the market that holds all parts of the CD: Booklet, tray card and up to 2 CDs or 1 CD and 1 DualDisc!','dj.gif','dj_small.gif','5 x 6 1/8 (width x height)','0.9','../products/cd_pro_sleeve.htm','More Info','','','','',''),
('25PD2','Sleeves','1:18.95,21:17.75,41:16.45,100:15.45','DiscSox DVD 2 - 25 Pack','The most compact sleeve on the market that holds Movie Poster, 2 single or double-sided DVDs or 2 DualDiscs!','dvd2.gif','dvd2_small.gif','5 1/8 x 7 5/8 (width x height)','1.1','../products/dvd2-sleeve.htm','More Info','','','','',''),
('25PDP','Sleeves','1:26.95,21:25.25,41:23.35,100:22.05','DiscSox DVD Pro - 25 Pack','The only sleeve on the market that holds all parts of the DVD: Movie Poster, Wrap and 2 DVDs!','dvd-pro-closed.gif','dvd-pro-closed_small.gif','Open: 11 15/16 x 7 3/4  Closed: 6 3/16 x 7 3/4 (width x height)','1.7','../products/dvd_pro_sleeve.htm','More Info','','','','',''),
('25PDPBO','Sleeves','1:12.95,21:12.15,41:11.25,100:10.55','DiscSox DVD Pro Seconds - 25 Pack','The only sleeve on the market that holds all parts of the DVD: Movie Poster, Wrap and 2 DVDs!','dvd-pro-closed.gif','dvd-pro-closed_small.gif','Open: 11 15/16 x 7 3/4  Closed: 6 3/16 x 7 3/4 (width x height)','2','../products/dvd_pro_sleeve_bo.htm','More Info','','','','',''),
('25PHDP','Sleeves','1:19.95,21:18.75,41:17.45,100:16.35','DiscSox HiDef Pro - 25 Pack','The only sleeve on the market that holds all parts of the DVD: Movie Poster, Wrap and 1 HD DVD/Blu-ray Disc!','hidef-pro-closed.gif','hidef-pro-closed_small.gif','Open: 11 7/8  x 6 1/4  Closed: 6 x 6 1/4 (width x height)','1.5','../products/hidef_pro_sleeve.htm','More Info','','','','',''),
('25PP_rl','Sleeves','1:7.95,21:7.35,41:6.95,100:6.45','DiscSox Poly2 - 25 Pack','DiscSox Poly CD storage sleeves hold the booklet and up to 2 CDs or 1 CD and 1 DualDisc!','poly.gif','poly_small.gif','5 1/8 x 5 (width x height)','0.3','../products/poly-sleeve.htm','More Info','','','','','') ON DUPLICATE KEY UPDATE `sku` = LAST_INSERT_ID(`sku`);
TRUNCATE `product_options`;
OPTIMIZE TABLE `product_options`;
INSERT INTO `product_options` (`poid`,`pid`,`oid`,`sequence`) VALUES ('1','21','2','1'),
('2','22','2','1') ON DUPLICATE KEY UPDATE `poid` = LAST_INSERT_ID(`poid`);
TRUNCATE `product_shipping`;
OPTIMIZE TABLE `product_shipping`;
TRUNCATE `products`;
OPTIMIZE TABLE `products`;
INSERT INTO `products` (`pid`,`sku`,`mid`,`display_product`,`on_sale`,`retail_price`,`name`,`description`,`price`,`color`,`size`,`weight`,`link_page`,`link_text`,`thumbnail_image`,`fullsize_image`,`is_taxable`,`tax_rate`,`inventory_item`,`inventory_options`,`display_when_sold_out`,`is_downloadable`,`download_filename`,`page`,`last_modified`) VALUES ('5','0_2lbs','1','true','false','0.20','0.2 lbs item','Test .02 lbs','.2','','','.2','','','','','true','0.0000','false','false','false','false','','','0000-00-00'),
('6','0_6lbs','1','true','false','0.60','0.6 lbs item','.6 lbs test','.6','','','.6','','','','','true','0.0000','false','false','false','false','','','0000-00-00'),
('7','1_lbs','1','true','false','1.00','1 lbs item','1 lbs test item','1','','','1','','','','','true','0.0000','false','false','false','false','','','0000-00-00'),
('8','5_lbs','1','true','false','5.00','5 lbs item','','5','','','5','','','','','true','0.0000','false','false','false','false','','','0000-00-00'),
('9','25PC','1','true','false','1','DiscSox Classic2 - 25 Pack','DiscSox Classic CD storage sleeves hold the booklet and up to 2 CDs or 1 CD and 1 DualDisc!','1:10.45,20:9.75,40:8.95,100:8.5','','5 1/8" x 5" (width x height)','0.6','../products/classic-sleeve.htm','More Info','classic_small.gif','classic.gif','TRUE','0','FALSE','FALSE','FALSE','FALSE','','','2008-01-28'),
('10','25PC','1','true','false','1','DiscSox Classic2 - 25 Pack','DiscSox Classic CD storage sleeves hold the booklet and up to 2 CDs or 1 CD and 1 DualDisc!','1:10.45,20:9.75,40:8.95,100:8.5','','5 1/8" x 5" (width x height)','0.6','../products/classic-sleeve.htm','More Info','classic_small.gif','classic.gif','TRUE','0','FALSE','FALSE','FALSE','FALSE','','','2008-01-28'),
('11','25PP_rl','1','true','false','1','DiscSox Poly2 - 25 Pack','DiscSox Poly CD storage sleeves hold the booklet and up to 2 CDs or 1 CD and 1 DualDisc!','1:7.95,20:7.35,40:6.95,100:6.45','','5 1/8" x 5" (width x height)','0.3','../products/poly-sleeve.htm','More Info','poly_small.gif','poly.gif','TRUE','0','FALSE','FALSE','FALSE','FALSE','','','2008-01-28'),
('12','25PD2','1','true','false','1','DiscSox DVD 2 - 25 Pack','The most compact sleeve on the market that holds Movie Poster, 2 single or double-sided DVDs or 2 DualDiscs! ','1:18.95,20:17.75,40:16.45,100:15.45','','5 1/8" x 7 5/8" (width x height)','1.1','../products/dvd2-sleeve.htm','More Info','dvd2_small.gif','dvd2.gif','TRUE','0','FALSE','FALSE','FALSE','FALSE','','','2008-01-28'),
('13','25PDP','1','true','false','1','DiscSox DVD Pro - 25 Pack','The only sleeve on the market that holds all parts of the DVD: Movie Poster, Wrap and 2 DVDs!','1:26.95,20:25.25,40:23.35,100:22.05','','Open: 11 15/16" x 7 3/4"  Closed: 6 3/16" x 7 3/4" (width x height)','1.7','../products/dvd_pro_sleeve.htm','More Info','dvd-pro-closed_small.gif','dvd-pro-closed.gif','TRUE','0','FALSE','FALSE','FALSE','FALSE','','','2008-01-28'),
('14','25PDPBO','1','true','false','1','DiscSox DVD Pro Seconds - 25 Pack','The only sleeve on the market that holds all parts of the DVD: Movie Poster, Wrap and 2 DVDs!','1:12.95,20:12.15,40:11.25,100:10.55','','Open: 11 15/16" x 7 3/4"  Closed: 6 3/16" x 7 3/4" (width x height)','2','../products/dvd_pro_sleeve_bo.htm','More Info','dvd-pro-closed_small.gif','dvd-pro-closed.gif','TRUE','0','FALSE','FALSE','FALSE','FALSE','','','2008-01-28'),
('15','25PHDP','1','true','false','1','DiscSox HiDef Pro - 25 Pack','The only sleeve on the market that holds all parts of the DVD: Movie Poster, Wrap and 1 HD DVD/Blu-ray Disc!','1:19.95,20:18.75,40:17.45,100:16.35','','Open: 11 7/8 " x 6 1/4"  Closed: 6" x 6 1/4" (width x height)','1.5','../products/hidef_pro_sleeve.htm','More Info','hidef-pro-closed_small.gif','hidef-pro-closed.gif','TRUE','0','FALSE','FALSE','FALSE','FALSE','','','2008-01-28'),
('16','25PCDP','1','true','false','1','DiscSox CD Pro - 25 Pack','The only sleeve on the market that holds all parts of the CD: Booklet, tray card and up to 2 CDs or 1 CD and 1 DualDisc! ','1:13.95,20:12.95,40:11.95,100:11.35','','5" x 6 1/8" (width x height)','0.9','../products/cd_pro_sleeve.htm','More Info','dj_small.gif','dj.gif','TRUE','0','FALSE','FALSE','FALSE','FALSE','','','2008-01-28'),
('17','25PJB_rl','1','true','false','1','DiscSox J-Box - 25 Pack','Store the booklets and tray cards (spines) in the most compact and economic way while your compact discs are in a CD Juke Box.','1:8.95,20:8.35,40:7.75,100:7.25','','5" x 6 1/8" (width x height)','0.5','../products/j-box-sleeve.htm','More Info','j-box_small.gif','j-box.gif','TRUE','0','FALSE','FALSE','FALSE','FALSE','','','2008-01-28'),
('18','25PDSD','1','true','false','1','DiscSox Data Double - 25 Pack','DiscSox DataDouble storage sleeves hold the booklet and 2 data CDs/DVDs! The archival quality sleeves are made from environmentally-friendly, clear polished polypropylene. ','1:6.45,20:5.95,40:5.65,100:5.25','','5 3/32" x 5 3/32" (width x height)','0.3','../products/datadouble-sleeve.htm','More Info','datadouble_small.gif','datadouble.gif','TRUE','0','FALSE','FALSE','FALSE','FALSE','','','2008-01-28'),
('19','25PDS','1','true','false','1','DiscSox Data - 25 Pack','DiscSox Data storage sleeves hold the booklet and 1 data CD/DVD!  The archival quality sleeves are made from environmentally-friendly, clear polished polypropylene. ','1:5.95,20:5.55,40:5.2,100:4.85','','5 3/16 x 5 3/32 (width x height)','0.2','../products/data-sleeve.htm','More Info','data_small.gif','data.gif','TRUE','0','FALSE','FALSE','FALSE','FALSE','','','2008-01-28'),
('20','25PDSFP','1','true','false','1','DiscSox DataFP - 25 Pack','DiscSox Data storage sleeves hold the booklet and 1 data CD/DVD! Includes unique security flap that holds data disc securely in place. The archival quality sleeves are made from environmentally-friendly, clear polished polypropylene. ','1:5.95,20:5.55,40:5.2,100:4.85','','5 3/32" x 5 3/32" (width x height)','0.2','../products/datafp-sleeve.htm','More Info','datafp_small.gif','datafp.gif','TRUE','0','FALSE','FALSE','FALSE','FALSE','','','2008-01-28'),
('21','25TR2_rl','1','true','false','1','DiscSox Binder - 25 Pack','Take your CDs on the road or in the air! The most versatile sleeve on the market. Holds either 2 CDs or 1 CD and a booklet. ','1:11.95,20:11.15,40:10.35,100:9.75','','5 1/8" x 5 3/4" (width x height)','0.3','../travel-sleeve.htm','More Info','binder_small_a.gif','binder_90.gif','TRUE','0','FALSE','FALSE','FALSE','FALSE','','','2008-01-28'),
('22','25TR2F_rl','1','true','false','1','DiscSox Binder-AF New - 25 Pack','Take your CDs on the road or in the air! The most versatile sleeve on the market. Holds either 2 CDs or 1 CD and a booklet. ','1:12.95,20:12.15,40:11.25,100:10.55','','5 1/8" x 5 3/4" (width x height)','0.2','../travel-sleeve.htm#binder_af','More Info','binder_small_a.gif','binder_90.gif','TRUE','0','FALSE','FALSE','FALSE','FALSE','','','2008-01-28'),
('23','25P4x6_rl','1','true','false','1','DiscSox Photo 4x6 - 25 Pack','DiscSox Photo sleeves hold 4" x 6" index prints and up to 2 CDs!','1:13.95,20:12.95,40:11.95,100:11.35','','5" x 6 1/8" (width x height)','0.9','../products/photo4x6-sleeve.htm','More Info','photo4x6_small.gif','photo4x6.gif','TRUE','0','FALSE','FALSE','FALSE','FALSE','','','2008-01-28'),
('24','25P5x7_rl','1','true','false','1','DiscSox Photo 5x7 - 25 Pack','DiscSox Photo sleeves hold 4" x 7" or 5" x 7" index prints and up to 2 CDs!','1:18.95,20:17.75,40:16.45,100:15.45','','5 1/8" x 7 5/8" (width x height)','1.1','../products/photo5x7-sleeve.htm','More Info','photo5x7_small.gif','photo5x7.gif','TRUE','0','FALSE','FALSE','FALSE','FALSE','','','2008-01-28'),
('25','25PG','1','true','false','1','DiscSox Game - 25 Pack','The most compact sleeve on the market that holds Game Booklet, 2 Memory Cards and 2 single or double-sided Game Discs!','1:18.95,20:17.75,40:16.45,100:15.45','','5 1/8" x 7 5/8" (width x height)','1.1','../products/game-sleeve.htm','More Info','game_small.gif','game.gif','TRUE','0','FALSE','FALSE','FALSE','FALSE','','','2008-01-28'),
('26','25PGP','1','true','false','1','DiscSox Game Pro - 25 Pack','The most compact sleeve on the market that holds Game Booklet, 2 Memory Cards and 2 single or double-sided Game Discs!','1:26.95,20:25.25,40:23.35,100:22.05','','5 1/8" x 7 5/8" (width x height)','1.7','../products/game_pro_sleeve.htm','More Info','game_pro_closed_small.gif','game_pro_closed.gif','TRUE','0','FALSE','FALSE','FALSE','FALSE','','','2008-01-28'),
('27','4DW','1','true','false','1','4-Disc Wallet - 10 Pack','Multidisc wallet that holds up to 4 CDs or DVDs.  Extend the capacity of the DVD Pro and HiDef Pro Sleeves','1:9.95,20:9.35,40:8.65,100:8.15','','Open: 11 1/8" x 5 1/4"  Closed: 5 5/8" x 5 1/4" (width x height)','0.3','../index.html','More Info','nophoto.jpg','nophoto.jpg','TRUE','0','FALSE','FALSE','FALSE','FALSE','','','2008-01-28'),
('28','SETCDP','1','true','false','45.95','CD Pro Set with Styrene Tray','The only CD storage sleeve on the market that holds all parts of the CD: Booklet, tray card and up to 2 CDs! 
CD storage set holds up to 75+ CDs in 12" of space 
Get instant flip-file accessibility with DiscSox 12" Tray 
Store up to 2 CDs, CD graphics and tray cards in one single sleeve 
State-of-the-art CD protection with integrated fabric','45.95','','','3.5','../products/cd_pro_set.htm','More Info','dj_set-small.jpg','dj_set.jpg','true','0.0000','false','false','false','false','','','0000-00-00'),
('29','SETCDPM','1','true','false','54.95','CD Pro Set with Metal Tray','<ul>
          <li>The only <a href="../cd-storage.htm"><strong><em>CD storage</em></strong></a> sleeve on the market that holds all parts
            of the CD: Booklet, tray card and up to 2 CDs!</li>
          <li>CD storage set holds up to 75+ CDs in 12" of space</li>
          <li>Get instant flip-file accessibility with DiscSox <a href="../products/tray_cd.htm"><em><strong>12"
            Tray</strong></em></a> </li>
          <li>Store up to 2 CDs, CD graphics and tray cards in one single sleeve</li>
          <li>State-of-the-art CD protection with integrated fabric </li>
          <li>Click <a href="../products/cd_pro_sleeve.htm"><strong><em>here</em></strong></a> to get more details 
            on the DiscSox CD Pro sleeves </li>
        </ul>','54.95','','','3.5','../products/cd_pro_set.htm','More Info','dj_set_metal_small.jpg','dj_set_metal.jpg','true','0.0000','false','false','false','false','','','0000-00-00') ON DUPLICATE KEY UPDATE `pid` = LAST_INSERT_ID(`pid`);
TRUNCATE `related_products`;
OPTIMIZE TABLE `related_products`;
TRUNCATE `sales_tax`;
OPTIMIZE TABLE `sales_tax`;
INSERT INTO `sales_tax` (`stid`,`calculate_us_tax`,`calculate_ca_tax`,`calculate_vat_tax`,`apply_gst_and_hst_to_shipping`,`section_help`) VALUES ('2','true','false','false','true','This function allows you to select which type of tax to apply for your country. If you are using Canadian tax, you can also choose to apply tax to shipping if applicable. To apply tax to shipping for other countries, select Edit Sequence function from the menu on the left.') ON DUPLICATE KEY UPDATE `stid` = LAST_INSERT_ID(`stid`);
TRUNCATE `sales_tax_ca`;
OPTIMIZE TABLE `sales_tax_ca`;
INSERT INTO `sales_tax_ca` (`stcaid`,`province`,`gst`,`pst`,`hst`) VALUES ('1','Alberta','0.0700','0.0000','0.0000'),
('2','British Columbia','0.0700','0.0000','0.0000'),
('3','Labrador','0.0000','0.0000','0.1500'),
('4','Manitoba','0.0700','0.0000','0.0000'),
('5','Native Reservations','0.0000','0.0000','0.0000'),
('6','Nunavut','0.0700','0.0000','0.0000'),
('7','New Brunswick','0.0000','0.0000','0.1500'),
('8','Newfoundland','0.0000','0.0000','0.1500'),
('9','Nova Scotia','0.0000','0.0000','0.1500'),
('10','North West Territories','0.0700','0.0000','0.0000'),
('11','Ontario','0.0700','0.0800','0.0000'),
('12','Prince Edward Island','0.0700','0.0000','0.0000'),
('13','Quebec','0.0700','0.0000','0.0000'),
('14','Saskatchewan','0.0700','0.0000','0.0000'),
('15','Yukon','0.0700','0.0000','0.0000') ON DUPLICATE KEY UPDATE `stcaid` = LAST_INSERT_ID(`stcaid`);
TRUNCATE `sales_tax_us`;
OPTIMIZE TABLE `sales_tax_us`;
INSERT INTO `sales_tax_us` (`stusid`,`state`,`rate`,`use_tax_table`,`tax_table_form_field`) VALUES ('1','CA','0.0725','true','shipaddress_county') ON DUPLICATE KEY UPDATE `stusid` = LAST_INSERT_ID(`stusid`);
TRUNCATE `sales_tax_vat`;
OPTIMIZE TABLE `sales_tax_vat`;
INSERT INTO `sales_tax_vat` (`stvatid`,`country`,`rate`) VALUES ('1','UK','0.1750'),
('2','GB','0.1750') ON DUPLICATE KEY UPDATE `stvatid` = LAST_INSERT_ID(`stvatid`);
OPTIMIZE TABLE `sessions`;
TRUNCATE `shipping`;
OPTIMIZE TABLE `shipping`;
INSERT INTO `shipping` (`shid`,`require_shipping`,`hide_shipping_on_zero_weight`,`use_shipping_plugin`,`shipping_plugin_name`,`bypass_plugin_on_zero_weight`,`free_shipping_text`,`default_shipping_region`,`offer_local_pickup`,`local_pickup_text`) VALUES ('1','true','true','true','ups.standard.inc,usps.xml.inc','true','Free UPS Ground','US','false','Local Pickup') ON DUPLICATE KEY UPDATE `shid` = LAST_INSERT_ID(`shid`);
TRUNCATE `shipping_rates`;
OPTIMIZE TABLE `shipping_rates`;
INSERT INTO `shipping_rates` (`srid`,`region`,`carrier`,`surcharge`,`subtotal_range`,`quantity_range`,`weight_range`,`handling`) VALUES ('211','US','Priority Mail','','1-:4.95','','',''),
('206','CA','Air Mail Canada','','1-:9.95','','',''),
('207','CA','Priority Mail Canada','','','1-:19.95','',''),
('208','other','International Air Mail','','','1-:14.95','',''),
('209','other','Global Priority Mail','','','1-:29.95','',''),
('212','US','UPS 2nd Day','AK:2.00,HI:2.00','1-:20.95','','','3.00') ON DUPLICATE KEY UPDATE `srid` = LAST_INSERT_ID(`srid`);
TRUNCATE `users`;
OPTIMIZE TABLE `users`;
INSERT INTO `users` (`uid`,`welcome_name`,`username`,`password`,`title`,`email_address`,`rights`) VALUES ('1','Administrator','Admin','b9ea2c6f4409c113af903173e420ee3f','Admin','marcello@discsox.com','buy.buttons,calculations,categories,configuration,extensions,file.manager,gateways,import,inventory,manufacturers,options,products,related,reports,request,ship.define,summary,users,utilities'),
('2','Vanessa O`Connor','vanessa','1f216b775393762344057b65928b34a4','','vanessa@discsox.com','categories,inventory,manufacturers,options,products,related,reports,ship.define,summary') ON DUPLICATE KEY UPDATE `uid` = LAST_INSERT_ID(`uid`);